YEAR,DOY,T2M,T2M_MAX,T2M_MIN,Rainfall_pattern,Humidity,Wind_speed
2015,1,20.45,25.83,16.83,0.27,71.36,0.89
2015,2,23.26,29.01,17.4,0.09,70.86,0.79
2015,3,23.54,29.15,19.26,0.39,72.73,1.06
2015,4,20.48,24.24,17.81,1.65,83.73,1.98
2015,5,19.86,25.95,15.34,0,67.22,2.13
2015,6,17.67,24.28,12.64,0,61.82,1.17
2015,7,16.96,23.32,12,0,60.4,1.21
2015,8,17.35,23.46,13.12,0,58.72,1.15
2015,9,17.41,24.54,11.07,0,64.51,1.54
2015,10,16.43,24.32,9.96,0,62.05,1.69
2015,11,15.49,23.81,8.39,0,57.06,1.74
2015,12,16.14,24.89,8.59,0,56.72,1.46
2015,13,17.4,25.98,10.01,0,60.93,1.42
2015,14,18.77,26.89,11.13,0,59.29,1.13
2015,15,19.66,27.83,12.8,0,53.07,1.11
2015,16,20.12,27.9,13.77,0,52,0.94
2015,17,18.7,26.87,12.47,1.93,65.57,2.1
2015,18,16.68,24.31,10.19,0.52,59.51,2.01
2015,19,16.32,24.35,9.62,0,60.07,1.38
2015,20,16.55,24.94,9.67,0,57.03,1.49
2015,21,16.88,25.38,9.19,0,57.15,1.48
2015,22,18.67,26.72,11.38,0,55.43,1.09
2015,23,19.62,27.17,12.74,0,48.8,1.41
2015,24,19.89,27.55,12.7,0,61.06,1.73
2015,25,19.46,26.82,12.64,0,55.94,1.49
2015,26,19.31,26.68,11.93,0,47.42,1.46
2015,27,20.55,27.94,14.1,0,53.62,1.42
2015,28,21.5,29.08,14.3,0,63.19,1.41
2015,29,21.26,29.13,14.33,0,60.39,1.51
2015,30,19.45,25.88,14.48,0,67.23,2.17
2015,31,16.83,24.09,10.07,0,47.86,1.67
2015,32,16.81,24.64,9.4,0,47.29,1.88
2015,33,17.73,26.36,10,0,53.41,1.45
2015,34,20.15,28.88,12.57,0,54.62,1.51
2015,35,21.37,29.52,14.48,0,46.85,1.39
2015,36,21.5,29.32,15.23,0,49.79,1.35
2015,37,19.51,27.59,12.43,0,42.77,1.92
2015,38,19.28,25.74,12.39,0,37.5,1.3
2015,39,21.21,28.24,15.3,0,36.51,0.9
2015,40,21.3,27.83,14.88,0,47.62,1.37
2015,41,22.34,29.31,16.28,0,47.45,1.73
2015,42,20.92,27.18,14.48,0,38.88,1.46
2015,43,20.52,28.95,13.09,0,37.47,1.6
2015,44,21.71,29.22,14.7,0,45.89,1.52
2015,45,22.05,28.75,15.46,0,42.8,1.03
2015,46,21.76,28.79,15.43,3.09,57.09,1.43
2015,47,22.73,29.27,16.66,0.08,62.53,1.19
2015,48,24.25,30.69,17.4,0.01,45.12,0.88
2015,49,23.95,30.69,17.61,1.55,50.87,1.37
2015,50,23.03,28.48,18.35,15.8,70.93,1.92
2015,51,23.68,30.2,16.88,0.39,61.98,1.29
2015,52,24.39,30.81,17.87,1.09,55.41,1.47
2015,53,24.87,31.75,17.73,0.85,52.49,1.4
2015,54,25.14,32.42,17.98,0,57.63,1.43
2015,55,25.87,32.95,19.21,0,56.02,1.77
2015,56,25.9,32.62,19.48,0,58.57,1.62
2015,57,25.57,33.09,19.01,0,57.32,2.07
2015,58,25.99,33.5,19.06,0,60.64,2.2
2015,59,26.71,33.93,19.44,0,53.36,1.65
2015,60,27.48,34.43,21.36,0,52.23,1.03
2015,61,28.14,35.21,22.3,0,46.56,2
2015,62,25.64,32.3,19.71,0.12,49.67,2.71
2015,63,22.58,26.63,19.95,13.19,64.93,2.32
2015,64,23.41,31.04,17.3,0.28,53.11,2.48
2015,65,22.16,30.33,14.74,0,40.84,2.14
2015,66,22.8,31.14,14.51,0,40.95,2.04
2015,67,23.99,32.42,15.84,0,42.47,1.7
2015,68,25.48,34.21,17.43,0,39.19,1.85
2015,69,26.01,35.9,17.61,0,38.81,2.25
2015,70,25.18,34.26,17.93,0,31.45,2.7
2015,71,24.06,34.67,14.27,0,29.23,2.31
2015,72,25.19,35.24,15.05,0,32.42,2.12
2015,73,27.84,36.52,19.66,0,40.38,2.51
2015,74,28.53,36.69,20.89,0,40.18,2.14
2015,75,28.73,36.42,21.52,0,39.75,2.99
2015,76,28.66,36.29,21.89,0.06,41.79,2.54
2015,77,28.65,36.37,21.73,0,42.27,1.6
2015,78,28.45,35.7,22.52,0.04,35.32,1.92
2015,79,27.4,35.2,20.32,0,26.63,1.33
2015,80,27.91,36.48,19.93,0,25.77,1.72
2015,81,28.15,36.66,20,0,29.28,1.26
2015,82,29.91,38.05,21.77,0,29.63,1.34
2015,83,29.84,37.96,21.2,0,36.64,1.35
2015,84,30.21,37.53,23.08,0,44.6,1.77
2015,85,29.74,37.03,22.81,0.04,48.9,2.13
2015,86,30.41,37.25,23.54,0,45.74,2.19
2015,87,30.03,35.66,25.19,0.1,48.07,2.19
2015,88,30.26,36.38,24.93,0.05,49.57,1.79
2015,89,30.39,36.8,23.89,0.2,51.64,2.45
2015,90,27.96,32.69,24.53,8.35,63.8,1.88
2015,91,28.85,35.79,22.48,2.24,56.06,2.97
2015,92,27.97,34.23,23.55,38.33,71.93,2.95
2015,93,29.51,35.97,23.71,2.97,66.67,1.93
2015,94,30.15,37.53,24.55,14.25,66.17,3.23
2015,95,27.84,32.58,24.58,23.44,77.17,2.6
2015,96,27.5,32.16,23.86,9.97,72.58,0.86
2015,97,27.77,33.17,22.96,12.62,72.84,1.32
2015,98,27.39,32.87,22.81,10.1,73.88,1.31
2015,99,28.5,35.18,22.93,0.03,66.02,2.04
2015,100,28.87,36.21,22.24,0,59.94,2.21
2015,101,29.17,35.89,22.41,0.1,65.13,1.93
2015,102,28.55,32.12,24.66,2.41,67.56,1.07
2015,103,27.32,31.12,24.45,2.56,72.51,1.28
2015,104,28.59,33.59,23.09,0.11,63.15,1.22
2015,105,27.92,32.16,24.58,0.01,61.32,1
2015,106,27.43,32.07,23.74,0,64.41,1.55
2015,107,27.99,34.11,23.18,0.05,58.74,2.5
2015,108,29.09,35.26,23.69,4.47,63.25,3.16
2015,109,29.11,35.22,24.26,15.25,71.43,2.93
2015,110,29.86,35.68,24.74,5.34,69.21,2.44
2015,111,30.47,36.9,24.76,2.76,69.58,3.18
2015,112,29.81,35.59,25.64,10.75,74.4,4.01
2015,113,29.39,35.02,25.69,10.4,74.46,3.61
2015,114,27.16,31.29,24.32,9.77,79.55,2.85
2015,115,25.46,29.84,23.16,6.78,84.02,1.68
2015,116,25.7,28.54,22.15,0.19,74.96,0.98
2015,117,27.51,31.9,22.06,1.68,64.52,0.99
2015,118,27.7,32.92,22.39,2.57,68.92,1.71
2015,119,28.38,33,23.67,3.14,73.41,1.9
2015,120,28.77,33.8,24.09,1.52,73.96,1.48
2015,121,29.57,35.04,24.61,4.84,69.41,1.49
2015,122,29.25,34.39,25.34,2.24,73.92,2.78
2015,123,29.17,34.15,24.72,1.79,74.11,1.83
2015,124,29.85,35.51,24.51,0.31,66.9,1.77
2015,125,29.35,34.27,24.59,0.01,66.48,1.87
2015,126,30.53,36.66,25.16,0.17,65.03,2.68
2015,127,30.73,37.4,25.02,1.95,65.33,2.57
2015,128,28.27,32.56,24.44,6.64,72.94,2.22
2015,129,29.77,35.08,24.18,0.15,69.84,2.06
2015,130,29.87,34.44,26.42,8.83,75.99,2.28
2015,131,28.06,30.39,26.09,28.04,85.37,1.93
2015,132,29.52,34.67,25.55,7.01,77.1,1.89
2015,133,30.39,35.95,25.52,0.06,69.9,1.92
2015,134,31.3,37.08,26.12,0.05,68.73,2.4
2015,135,30.96,37.08,26.87,17.43,71.62,2.75
2015,136,28.34,31.3,26.38,19.77,81.42,2.06
2015,137,28.83,32.71,25.5,2.72,75.64,1.67
2015,138,29.04,34.48,23.39,0.76,72.21,2.12
2015,139,30.4,35.35,25.64,0.15,72.34,1.7
2015,140,30.76,35.52,25.93,0.07,71.21,1.38
2015,141,31.47,36.43,27.19,0.29,67.74,2.07
2015,142,32.2,38.76,26.96,4.23,67.52,3.02
2015,143,32.83,39.6,27.62,3.74,67.86,3.62
2015,144,30.83,36.01,27.66,9.19,77.27,3.92
2015,145,30.65,35.58,27.15,4.4,75.64,3.51
2015,146,29.73,34.23,26.91,14.17,78.31,3.06
2015,147,29.09,32.53,26.1,6.99,81.36,2.8
2015,148,30.11,34.99,26.32,2.54,77.23,3.29
2015,149,30.59,35.17,26.71,3.23,77.13,2.81
2015,150,30.25,34.34,26.88,13.11,79.5,2.45
2015,151,30.31,34.8,27,1.01,76.24,3.23
2015,152,29.96,33.08,26.98,0.78,78.05,3.07
2015,153,30.48,35.47,26.43,1.88,73.23,2.74
2015,154,30.06,33.49,26.42,4.99,77.21,2.03
2015,155,30.84,35.48,26.54,0.03,70.28,1.89
2015,156,31.45,36.73,26.95,0.26,69.18,2.47
2015,157,29.99,33.38,26.8,0.09,77.52,3.05
2015,158,30.58,34.96,26.83,0.05,74.37,3.49
2015,159,31.27,35.89,27.24,0.03,72.02,3.47
2015,160,31.54,36.47,27.79,1.07,72.27,4.31
2015,161,30.19,34.09,27.55,24.19,80.83,3.94
2015,162,29.11,31.99,27.34,29.13,88.98,3.13
2015,163,28.93,31.97,27.06,13.43,86.5,3.18
2015,164,28.18,31.06,26.05,39.78,86.32,3.16
2015,165,28.2,31.55,25.5,15.48,86.03,2.21
2015,166,28.49,31.69,26.05,15.1,84.33,1.93
2015,167,28.31,31.45,26.11,15.67,87.52,2.65
2015,168,28.64,32.25,26.04,1.29,84.45,2.42
2015,169,27.53,29.83,25.35,1.33,86.3,2.13
2015,170,29.42,33.4,25.62,1.07,82.26,2.17
2015,171,28.93,31.98,26.35,1.31,85.71,2.73
2015,172,29.14,33.26,26.46,6.75,85.06,3.26
2015,173,29.11,33.05,26.32,16.97,85.93,4.14
2015,174,28.49,30.73,26.27,15.38,89.49,4.28
2015,175,29.16,32.7,26.67,33.21,87.37,3.43
2015,176,29.26,32.51,27,53.66,86.7,2.59
2015,177,27.81,29.57,26.26,59.92,92.72,3.34
2015,178,27.73,30.94,26,20.04,92.02,3.69
2015,179,28.04,30.79,25.83,20.54,89.21,3.42
2015,180,28.19,31.6,25.34,1.02,87.08,2.94
2015,181,28.57,32.53,25.15,3.89,84.44,2.8
2015,182,28.97,32.8,25.51,1.22,86.31,2.81
2015,183,29.16,32.44,26.34,2.28,87.5,2.48
2015,184,29.44,32.89,26.62,1.78,86.23,2.68
2015,185,29.79,33.28,26.71,0.47,85.25,2.82
2015,186,28.29,29.76,27.12,0.59,92.02,2
2015,187,28.8,31.19,27.14,7.34,88.67,0.96
2015,188,28.74,31.1,26.6,13.23,88.07,1.3
2015,189,28.95,32.16,26.38,38.24,85.67,1.44
2015,190,27.94,30.37,26.43,61.09,92.07,3.73
2015,191,28.43,31.84,26.26,12.9,89.06,3.8
2015,192,28.46,31.76,25.4,6.09,88.53,3.02
2015,193,29.08,32.66,25.95,0.9,86.66,2.22
2015,194,29.64,33.2,26.22,0.66,85.12,2.15
2015,195,29.71,32.61,27.47,9.23,89.4,2.58
2015,196,28.65,30.02,27.63,37.16,94.04,2.9
2015,197,28.17,29.76,26.95,23.9,92.12,1.82
2015,198,27.79,29.93,26.03,30.15,91.61,2.43
2015,199,27.86,30.45,25.9,15.74,90.12,2.07
2015,200,27.6,30.51,25.29,41.45,91.42,2.67
2015,201,27.75,30.6,25.94,31.52,89.99,2.63
2015,202,28.16,31.1,25.7,11.21,90.1,2.56
2015,203,27.98,30.45,26.36,15.24,90.59,2.54
2015,204,28,30.08,26.17,10.01,92.4,2.87
2015,205,27.52,29,26.31,23.32,94.4,2.34
2015,206,27.41,29.6,25.61,17.84,91.03,2.41
2015,207,27.09,28.64,25.72,4.69,93.23,2.96
2015,208,26.34,27.81,24.84,18.51,93.62,3.48
2015,209,27.5,30.09,25.37,7.29,90.78,2.36
2015,210,28.31,32.07,25.98,1.71,86.96,1.72
2015,211,28.31,31.06,26.02,9.64,89.19,3.42
2015,212,27.16,28.31,26.38,64.65,93.94,5.47
2015,213,26.84,28.6,25.44,37.6,93.36,5.21
2015,214,27.01,29.85,25.1,10.57,91.05,4.48
2015,215,27.61,30.97,24.82,7.98,90.09,2.78
2015,216,28.21,31.53,25.23,2.91,87.96,2.26
2015,217,28.48,31.67,25.48,1.27,86.31,2.02
2015,218,28.72,31.42,26.19,2.96,87.88,1.92
2015,219,28.16,29.68,26.56,2.65,89.73,1.26
2015,220,29.25,32.8,25.94,1.78,84.36,1.16
2015,221,28.52,31.18,26.13,2.13,88,2.05
2015,222,28.24,30.65,26.31,3.48,89.4,2
2015,223,28.78,31.32,26.68,3.87,87.28,1.39
2015,224,28.41,31.4,25.94,3.12,90.21,2.25
2015,225,28.54,31.61,26.23,4.25,89.88,2.37
2015,226,28.73,31.63,26.37,4.96,89.4,2.49
2015,227,28.74,31.58,26.87,12.23,89.85,2.77
2015,228,28.58,31.41,26.49,8.13,90.18,3.5
2015,229,28.62,32.04,26.19,6.23,89.67,3.57
2015,230,28.39,31.27,26.29,10.12,90.8,3.58
2015,231,28.94,31.81,26.57,11.79,89.88,3.72
2015,232,28.39,30.5,26.8,30.51,93.39,2.54
2015,233,28.09,30.12,26.66,22.88,91.44,1.68
2015,234,28.45,31.45,25.71,2.3,86.29,1.27
2015,235,27.87,30.22,25.8,2.34,90.18,1.89
2015,236,28.7,31.93,25.93,0.06,87.3,1.8
2015,237,28.46,31.13,26.61,0.14,90.46,2.13
2015,238,28.27,31.39,25.69,2.07,90.57,2.15
2015,239,28.14,31.17,26.24,3.98,91.04,2.41
2015,240,27.76,30.43,25.82,6.75,91.79,3.75
2015,241,28.43,31.65,26.17,10.54,90.19,3.06
2015,242,28.34,30.8,26.68,18.85,91.72,2.73
2015,243,28.11,30.11,26.82,26.86,93.52,2.72
2015,244,27.46,29.38,26.17,22.55,93.43,2.36
2015,245,27.31,29.4,25.59,11.82,91.1,1.49
2015,246,27.61,29.86,25.84,4.57,88.89,1.51
2015,247,27.82,30.98,25.61,9.26,89.19,1.8
2015,248,27.72,30.26,25.46,4.33,90.38,1.55
2015,249,28.41,31.89,25.54,5.9,88,1.49
2015,250,28.06,31.35,25.33,1.95,88.35,1.81
2015,251,28.13,31.03,25.49,4.88,87.04,1.56
2015,252,29.37,33.15,25.34,0.56,79.52,0.94
2015,253,28.79,31.41,26.36,5.47,82.32,0.72
2015,254,28.23,31.61,25.71,7.57,86.86,1.34
2015,255,29.06,32.95,25.59,4.47,83.01,0.97
2015,256,28.43,31.1,25.71,1.86,86.73,1.36
2015,257,27.63,30.04,25.78,5.11,91.07,1.82
2015,258,27.89,30.73,25.8,3.9,91.09,1.76
2015,259,28.13,31.02,25.77,2.62,90.05,1.74
2015,260,29.63,33.4,25.96,0.09,81.58,0.71
2015,261,29.56,32.95,26.53,2.07,83.82,0.86
2015,262,27.47,29.74,25.59,11.11,93.93,1.91
2015,263,26.95,29.32,25.52,35.26,94.41,3.67
2015,264,27.48,29.67,26.17,23.32,93.6,3.74
2015,265,28.35,31.49,26.17,11.34,90.59,2.77
2015,266,27.62,29.77,26.27,23.24,92.08,2.39
2015,267,27.19,29.7,25.49,7.34,92.3,2.42
2015,268,28,31.78,25.21,0.01,86.45,2.03
2015,269,28.31,32.08,23.65,0,75.06,1.04
2015,270,28.35,32.05,24.01,0,70.31,0.74
2015,271,28.76,32.02,26,0,70.76,0.79
2015,272,28.83,32.42,25.57,0,77.62,1.05
2015,273,29.25,32.59,26.15,0,80.71,1.03
2015,274,29.69,32.68,26.57,0,78.51,0.93
2015,275,28.04,30.38,26.26,1.58,90.04,1.42
2015,276,28.84,32.43,25.69,1.22,82.93,1.26
2015,277,28.73,32.27,25.62,0.26,79.37,1.04
2015,278,28.27,31.87,24.54,1.27,79.11,0.88
2015,279,28.66,31.66,25.73,4.23,82.22,0.95
2015,280,28.35,31.61,26.16,7.48,84.53,1.24
2015,281,26.89,29.64,24.89,4.46,90.76,1.56
2015,282,27.78,31.51,24.67,6.44,85.94,1.98
2015,283,27.86,31.95,24.4,0.35,83.26,1.43
2015,284,27.38,30.98,24.53,1.01,82.8,1.39
2015,285,26.23,30.07,23.24,2.32,86.83,1.73
2015,286,26,30.02,23.58,5.28,88.17,1.55
2015,287,25.47,28.82,22.96,11.1,88.14,2.1
2015,288,25.87,29.16,22.88,1.69,85.6,1.28
2015,289,26.55,30,22.71,4.56,81.72,1.01
2015,290,27.29,30.85,24.15,0.16,75.94,0.73
2015,291,27.27,30.88,24.16,0,75,0.87
2015,292,27.44,30.69,24.24,0,75.47,0.91
2015,293,27.79,31.06,24.08,0,72.81,0.73
2015,294,27.67,30.73,23.77,0,72.05,0.65
2015,295,27.45,30.7,23.82,1.23,74.65,0.79
2015,296,27.04,30.62,23.23,0.76,75.62,0.97
2015,297,26.62,30.41,23.27,0,67.4,0.69
2015,298,25.56,29.69,21.05,0,68.59,0.94
2015,299,25.84,30,21.54,0,67.03,0.88
2015,300,25.62,29.51,21.22,0,68.51,0.91
2015,301,25.71,29.34,21.08,0,71.34,0.94
2015,302,26.28,30.08,22.76,0,71,0.71
2015,303,26.37,29.79,22.4,0.02,71.78,0.51
2015,304,25.28,28.61,22.58,0.12,81.96,1.48
2015,305,24.61,28.94,21.58,0.05,84.44,1.69
2015,306,24.79,28.75,20.2,0.11,80.41,0.89
2015,307,25.88,30,22.25,0,72.97,0.49
2015,308,25.82,29.94,20.96,0.09,72.66,0.99
2015,309,26.4,30.03,22.74,0.42,67.2,0.69
2015,310,26.26,30.36,22.43,0.15,66.33,0.6
2015,311,25.06,30.1,20.95,0,68.27,1.14
2015,312,23.72,29.56,18.88,0,71.26,1.44
2015,313,23.64,29.01,18.44,0,78.45,1.36
2015,314,24.39,29.64,19.59,0,75.22,1.04
2015,315,24.64,29.29,20.28,0,72.13,0.83
2015,316,23.96,29.1,19.34,0,73.64,1.17
2015,317,24.26,28.73,19.71,0,69.09,0.98
2015,318,24.44,28.79,20.33,0,67.24,0.76
2015,319,24.36,28.94,19.49,0.01,69.4,0.71
2015,320,24.6,28.8,21.3,0,67.42,0.87
2015,321,23.62,28.85,19.8,0.01,72.22,1.06
2015,322,23.57,28.87,19.03,0.03,77.17,1.11
2015,323,23.49,28.56,18.54,0,75.94,1.17
2015,324,24.14,29.96,18.34,0,72.36,0.87
2015,325,23.68,29.6,18.23,0,71.12,1.09
2015,326,23.97,29.53,18.25,0,69.55,0.77
2015,327,23.76,29.01,18.13,0,67.72,0.84
2015,328,23.81,28.43,18.83,0,61.71,0.71
2015,329,23.96,28.75,18.74,0,58.55,0.39
2015,330,23.58,28.32,18.55,0,58.11,0.59
2015,331,23.45,28.29,18.32,0,60.22,0.68
2015,332,23.38,28.65,19.22,0,67.21,0.84
2015,333,23.4,29.04,18.58,0,73.68,1.2
2015,334,23.46,28.56,18.69,0,77.16,1.38
2015,335,24.24,29.01,19.71,0,68.92,0.94
2015,336,23.1,27.22,18.93,0,69.85,0.84
2015,337,23.11,28.38,19.37,0.03,73.22,1.2
2015,338,22.23,28.02,17.16,0,73.49,1.27
2015,339,22.15,27.97,17.83,0,69.58,1.15
2015,340,22.52,27.55,18.35,0,65.44,0.92
2015,341,22.17,26.67,18.33,0,69.69,0.88
2015,342,22.55,27.14,18.02,0,66.6,0.72
2015,343,22.39,27.6,17.92,0,65.94,1.08
2015,344,21.49,27.13,16.34,0,65.67,1.3
2015,345,22.11,27.71,17.02,0,59.04,1.08
2015,346,21.99,28.31,16.35,0,68.16,1.56
2015,347,21.88,28.24,16.37,0.7,72.27,1.27
2015,348,20.95,26.84,15.88,0,65.36,1.42
2015,349,19.09,25.29,14.83,0,62.57,1.53
2015,350,17.52,24.62,11.93,0,51.89,1.48
2015,351,18.42,24.56,13.45,0,51.1,1.01
2015,352,16.84,22.05,13.17,0.64,69.73,1.14
2015,353,16.78,23.69,11.02,0.03,61.5,1.38
2015,354,17.29,24.48,11.68,0,49.42,1.25
2015,355,17.66,23.79,11.8,0,48.68,0.85
2015,356,18.05,24.11,11.3,0,53.53,1.01
2015,357,18.32,24.87,12.38,0,56.43,1.02
2015,358,18.54,24.78,13.36,0,56.48,1.19
2015,359,17.56,24.75,12.44,0,67.14,2.05
2015,360,15.86,24.3,9.34,0,57.52,1.87
2015,361,16.6,24.64,9.27,0,64.49,1.67
2015,362,17.84,25.4,12.4,0,54.06,1.38
2015,363,18.72,25.6,12.79,0,48.27,0.92
2015,364,19.79,25.68,15.08,0,51.77,0.63
2015,365,20.14,27.23,15.45,0,60.78,1.1
2016,1,19.7,27.34,13.46,0,62.06,1.15
2016,2,19.89,27.05,14.27,0,59.9,1.24
2016,3,19.34,26.39,13.92,0,56.71,1.22
2016,4,18.9,26.2,12.86,0,53.36,1.16
2016,5,19.34,25.78,13.59,0,47.8,0.99
2016,6,19.23,25.8,13.73,0,53.59,1.23
2016,7,19.87,27.39,12.98,0,51.92,1.21
2016,8,19.72,26.73,13.42,0,56.96,1.38
2016,9,20.04,27.55,13.82,0,61.69,1.86
2016,10,19.67,26.58,14.13,0,57.01,1.23
2016,11,18.41,25.41,13.49,0,51.6,1.32
2016,12,18.6,24.91,13.13,0,47.24,1.23
2016,13,18.82,24.87,14.27,0,51.52,1.08
2016,14,19.87,26.15,14.48,0,49.25,1.19
2016,15,19.72,25.97,15.2,0,51.52,1.35
2016,16,19.71,27.45,13.32,0,56.23,1.5
2016,17,19.52,26.49,13.33,0,51.16,1.46
2016,18,19.57,26.41,13.4,0,44.57,1.16
2016,19,20.53,27.82,14.26,0.39,49.24,0.99
2016,20,18.47,24.95,13.76,43.66,72.76,1.92
2016,21,17.8,23.02,13.47,0.89,78.55,1.71
2016,22,16.2,23.17,10.17,0,62.69,1.95
2016,23,15.49,23.06,9.1,0,54.55,1.78
2016,24,15.25,22.73,8.76,0,50.44,1.58
2016,25,15.87,23.49,8.59,0,47.13,1.38
2016,26,16.79,23.4,10.93,0,44.78,0.94
2016,27,17.2,23.91,10.83,0,50.06,1.1
2016,28,18.39,26.04,11.42,0,62.44,1.35
2016,29,19.45,26.65,14.57,0,58.26,1.5
2016,30,20.17,26.27,14.28,0,46.44,1.09
2016,31,20.84,27.9,13.73,0,56.47,1.42
2016,32,21.67,28.55,15.01,0,58.61,1.3
2016,33,22.19,29.04,15.68,0,52.95,1.5
2016,34,22.3,28.5,17.16,0,50.17,1.2
2016,35,20.6,27.66,14.26,0,48.24,1.43
2016,36,19.87,26.67,13.54,0,41.05,1.26
2016,37,20.4,27.81,12.73,0,39.31,0.95
2016,38,20.6,27.44,13.81,0,40.25,0.83
2016,39,21.02,29.37,12.82,1.1,51.34,1.32
2016,40,21.98,27.98,16.66,2.52,67.89,1.35
2016,41,22.39,28.33,16.46,0.01,58.78,1.43
2016,42,23.45,29.96,15.68,0.09,46.69,1.41
2016,43,23.61,30.54,17.63,2.51,64.22,1.85
2016,44,23.44,30.58,16.65,0.02,52.26,1.14
2016,45,23.88,31.2,16.31,0,50.44,1.24
2016,46,24.96,31.9,18.03,0,51.09,1.2
2016,47,26.1,33.21,19.58,0,40.7,1.03
2016,48,25.98,32.85,19.48,0,43.04,1.33
2016,49,26.06,33.36,20.29,0,49.12,1.7
2016,50,25.9,33.98,18.51,0,49.81,2.01
2016,51,26.3,34.83,19,0,49.52,2.04
2016,52,27.32,35.79,20.34,0,47.37,2.86
2016,53,26.9,33.9,20.75,0,47.96,2.43
2016,54,25.91,34.02,19.46,0.07,47.73,1.87
2016,55,24.67,32.93,16.41,13.09,48.11,1.42
2016,56,25.51,31.23,20.93,7.86,67.72,1.85
2016,57,25.35,32.49,19.79,0.15,67.24,1.15
2016,58,24.8,29.16,21.02,1.03,66.73,0.88
2016,59,27.06,32.9,20.66,0.01,48.53,0.66
2016,60,27.58,33.41,21.32,0.01,41.11,0.62
2016,61,26.95,33.69,21.75,0.02,43.94,1.05
2016,62,26.95,34.02,20.74,0.01,50.98,1.39
2016,63,26.6,34.43,19.93,0.01,51.3,1.47
2016,64,26.73,34.8,17.8,0,44.78,1.74
2016,65,27.89,36,19.92,0.01,39.2,1.05
2016,66,28.35,36.66,21.19,0,46.27,1.26
2016,67,27.19,34.23,21.38,6.31,45.19,1.54
2016,68,27.5,35.57,19.92,0,47.86,2.05
2016,69,28.64,36.27,21.86,0,48.41,2.32
2016,70,28.9,35.94,22.48,0,48.58,1.86
2016,71,29.22,36.06,23.14,0,45.22,1.68
2016,72,28.08,36.05,22.46,0,47.29,2.25
2016,73,28.01,37.4,20.34,0.64,49.75,2.81
2016,74,28.11,35.34,21.03,0,43.68,1.71
2016,75,27.35,34.78,20.85,0,46.61,1.51
2016,76,28.2,35.27,21.92,0.56,45.22,1.8
2016,77,27.52,35.5,20.46,0,33.38,1.67
2016,78,27.81,35.59,19.71,0,33.48,1.35
2016,79,27.71,34.03,21.52,8.95,60.62,1.99
2016,80,28.65,35.85,22.22,1.07,63.52,1.59
2016,81,29.81,37.38,23.5,0.54,57.7,2.55
2016,82,29.11,37.37,22.3,0.52,53.56,2.33
2016,83,29.11,37.31,21.83,0,45.73,2.01
2016,84,28.49,36.88,19.76,0,36.31,1.06
2016,85,29.69,37.53,21.6,0,32.81,1.24
2016,86,29.88,36.93,21.78,0,45.32,1.53
2016,87,31.06,37.7,24.99,0.15,52.62,3.08
2016,88,28.41,34.18,24.55,7.68,69.81,2.77
2016,89,29,35.89,22.82,2.87,64.25,2.28
2016,90,28.66,34.14,24.05,8.57,66.67,2.21
2016,91,26.3,30.84,23.12,15.58,78.89,2.54
2016,92,24.72,27.99,22.33,22.24,81.83,1.86
2016,93,27.17,33.81,20.92,1.34,71.11,1.55
2016,94,28.45,34.05,23.6,13.59,76.29,2.13
2016,95,28.64,33.68,24.09,14.26,75.76,2.13
2016,96,30.05,37.01,24.73,0.99,69.76,3.43
2016,97,30.4,38.55,24.5,1.03,66.36,2.78
2016,98,31.09,39.08,24.84,0.12,64.04,3.08
2016,99,31.32,39.13,25.59,0.23,56.99,2.8
2016,100,31.94,39.85,24.58,0.06,56.93,2.56
2016,101,32.02,40.61,24.69,0,51.8,2.19
2016,102,31.99,40.57,24.51,0,57.33,2.97
2016,103,32.1,40.8,24.6,0.07,55.32,2.32
2016,104,31.51,40.18,23.32,0.45,43.58,2.44
2016,105,31.32,39.32,23.98,4.43,58.63,2.44
2016,106,31.39,38.72,25.17,7.91,65.65,2.49
2016,107,31.99,40.36,26.14,4.88,63.96,4.07
2016,108,30.22,36.53,25.47,7.68,71.3,2.8
2016,109,30.79,36.72,25.79,0.53,67.06,2.28
2016,110,32.73,40.88,26.18,0.15,57.79,2.95
2016,111,31.73,39.34,25.88,0.11,59.64,3.76
2016,112,32.4,40.37,25.66,0.15,59.12,4.41
2016,113,32.52,40.64,26.26,0.2,59.31,3.91
2016,114,33.09,41.27,26.31,0.12,60.42,4.31
2016,115,33.31,41.2,26.98,0.05,55.46,2.57
2016,116,32.94,40.23,26.11,0.17,56.96,3.14
2016,117,32.78,40.33,26.35,0.1,56.38,2.85
2016,118,32.79,40.25,26.66,0.27,56.6,2.97
2016,119,32.69,40.68,26.02,2.55,57.15,3.42
2016,120,33.06,40.59,26.66,0.07,55.73,3.04
2016,121,33.05,40.85,26.41,0.01,53.83,2.94
2016,122,32.93,40.77,26.41,2.05,52.33,2.73
2016,123,30.17,36.01,25.84,4.87,67.75,3.06
2016,124,30.06,35.99,24.78,2.82,66.73,1.84
2016,125,29.61,33.81,25.95,7.61,69.27,1.66
2016,126,30.99,36.61,25.83,0.8,58.42,1.44
2016,127,31.21,38,25.46,4.13,58.33,2.18
2016,128,30.21,36.13,25.68,10.63,65.22,1.67
2016,129,29.45,34.18,25.09,23.02,69.44,1.23
2016,130,30.17,34.82,25.81,16.67,68.25,1.21
2016,131,30.41,35.44,25.89,0.79,66.13,1.31
2016,132,31.6,36.85,26.02,6.09,61.63,0.78
2016,133,31.74,37.08,26.92,6.74,59.38,1.26
2016,134,29.38,33.79,26.21,34.29,77.62,2.41
2016,135,30.01,35.74,26.06,16.24,76.5,2.59
2016,136,30.11,34.64,26.11,15.84,79.06,3.25
2016,137,30.99,36.92,26.56,1.34,72.98,3.67
2016,138,31.05,37.61,26.77,3.56,71.56,3.98
2016,139,30.56,36.24,26.75,6.16,75.61,3.8
2016,140,27.9,30.73,25.68,21.08,85.31,2.91
2016,141,27.29,30.27,25.22,11.36,87.02,3.1
2016,142,26.16,27.81,24.73,56.77,91.32,4.21
2016,143,29.04,34.23,24.18,11.4,77,1.92
2016,144,29.71,33.67,25.77,0.1,81.85,1.72
2016,145,30.43,34.48,26.73,0.39,78.7,1.19
2016,146,31.02,35.92,27.11,0.39,72.02,1.92
2016,147,29.96,34.19,26.35,25.21,79.57,1.93
2016,148,29.43,33.49,26.06,17.46,80.15,1.87
2016,149,28.99,32.71,25.88,48.68,83.81,1.49
2016,150,29.39,33.16,25.66,28.09,81.75,0.9
2016,151,30.38,33.73,26.3,0.97,74.71,1.04
2016,152,29.77,33.17,26.16,10.81,81.49,1.38
2016,153,29.53,33.24,26.05,7.47,81.09,1.55
2016,154,29.45,33.25,25.78,5.86,81.81,1.78
2016,155,29.59,33.62,25.93,0.14,80.9,1.88
2016,156,29.51,33.54,25.56,0.63,81.03,1.67
2016,157,29.5,33.17,26.14,0.34,84.02,2.1
2016,158,28.64,31.11,26.85,5.43,86.77,2.93
2016,159,28.45,31.56,26.43,22.76,88.03,2.3
2016,160,28.33,30.93,26.19,11.53,89.62,2.5
2016,161,27.95,29.93,26.16,2.09,91.71,2.76
2016,162,29.63,33.94,26,2.88,81.7,1.65
2016,163,30.78,35.32,27.13,8.49,82.37,1.68
2016,164,29.43,31.71,27.53,15.57,90.18,2.63
2016,165,28.3,30.31,26.82,8.84,92.67,2.81
2016,166,28.9,31.98,26.44,2.86,86.8,2.08
2016,167,28.69,31.3,26.55,3.63,89.96,2.23
2016,168,28.83,31.63,26.43,13.19,87.41,2.65
2016,169,28.63,31.32,26.53,7.46,87.94,2.56
2016,170,28.48,30.74,26.29,3.72,89.01,2.97
2016,171,28.7,31.9,26.16,5.46,87.86,3.01
2016,172,29,32.57,26.07,5.92,85.09,2.65
2016,173,29.02,32.39,26.3,1.25,85.58,2.75
2016,174,28.59,31.62,26.66,4.3,86.51,2.81
2016,175,28.57,31.48,26.01,8.12,86.15,2.19
2016,176,28.72,31.52,26.35,3.33,86.75,2.04
2016,177,29.16,32.75,26.29,2.84,84.36,1.51
2016,178,29.36,32.49,26.09,6.24,84.64,1.54
2016,179,29.38,32.08,26.74,4.44,86.11,2.25
2016,180,29.46,33.22,26.16,9.34,86.74,2.58
2016,181,29.64,33.44,27.26,3,86.09,2.18
2016,182,29.48,32.91,26.7,0.57,85.46,2.23
2016,183,29.33,32.75,26.77,6.63,87.46,2.98
2016,184,28.58,30.7,27.18,16.29,91.57,3.14
2016,185,28.5,30.91,26.83,51.42,90.55,4.18
2016,186,28.21,30.74,26.57,34.11,90.61,3.61
2016,187,28.28,31.18,26.47,55.15,90.24,3.67
2016,188,28.76,32.31,26.47,36.56,88.69,2.74
2016,189,29.28,32.73,26.54,7.36,87.33,2.43
2016,190,28.92,32.23,26.84,3.35,88.95,2.56
2016,191,28.29,30.92,26.38,6.37,90.84,4
2016,192,28.65,32.27,26.03,8.48,87.76,2.88
2016,193,28.71,31.83,26.19,3.53,87.75,3.23
2016,194,28.79,32.19,26.41,9.33,89.54,3.4
2016,195,29.05,32.48,26.21,18.58,87.67,2.74
2016,196,29.13,32.25,26.75,10.37,88.24,2.62
2016,197,28.63,31.18,27.02,17.42,91.05,3.07
2016,198,28.05,30.38,26.41,22.9,91.89,4.46
2016,199,27.94,30.48,26.21,34.01,89.4,3.83
2016,200,28.1,31.24,25.91,20.12,90.01,4.03
2016,201,28.24,30.94,25.92,28.32,90.1,2.96
2016,202,28.29,30.52,26.71,13.12,90.79,2.58
2016,203,28.54,31.88,26.38,9.59,89.89,3.03
2016,204,27.67,29.9,25.82,19.46,90.65,3.04
2016,205,27.64,30.32,25.63,14.95,91.21,2.6
2016,206,27.38,29.76,25.39,9.28,91.88,2.55
2016,207,27.12,29.16,25.8,19.43,93.48,3.39
2016,208,27.4,30.39,24.96,12.56,89.66,2.48
2016,209,27.96,31.63,23.88,0.57,85.54,1.51
2016,210,28.34,31.32,25.95,1.22,87.13,1.63
2016,211,28.65,31.8,25.8,5.02,85.57,1.36
2016,212,28.08,30.48,25.88,10.76,87.77,1.46
2016,213,27.84,30.01,25.2,29.04,87.9,1.17
2016,214,27.71,30,25.99,35.19,90.44,1.85
2016,215,27.37,29.17,25.95,12.84,92.12,2.91
2016,216,28.74,31.94,26.1,12.08,89.26,2.89
2016,217,28.6,31.8,26.29,3.12,90.06,3.14
2016,218,28.05,30.16,26.66,7.91,91.8,3.42
2016,219,27.71,29.37,26.11,15.54,93.69,3.01
2016,220,28.04,30.31,26.27,6.94,92.37,2.93
2016,221,28.47,31.03,26.03,5.1,88.45,1.75
2016,222,27.71,30.03,26.09,11.43,91.98,3.51
2016,223,27.05,29.04,25.75,34.18,94.59,4.99
2016,224,28.2,31.05,26.2,29.51,90.14,3.92
2016,225,28.61,31.9,26.23,9.4,89.04,2.39
2016,226,29.11,32.44,26.34,9.64,88.16,2.16
2016,227,28.33,30.79,26.46,7.74,90.55,1.78
2016,228,29.13,32.41,25.98,10.67,87.26,1.63
2016,229,28.82,31.57,26.62,11.23,88.89,1.86
2016,230,27.59,30,25.86,23.12,92.75,5.45
2016,231,27.96,30.28,26.31,12.25,91.7,2.97
2016,232,28.5,31.71,25.92,0.94,87.36,1.78
2016,233,29.26,33.11,25.26,1.15,84.82,1.55
2016,234,28.28,30.21,26.13,84.11,93.86,3.49
2016,235,27.62,30.95,25.44,17.81,89.18,4.1
2016,236,28.6,32.28,24.63,0.27,81.32,1.06
2016,237,28.95,31.51,26.37,0.11,83.58,1.16
2016,238,29.57,33.46,25.78,8.07,84.24,1.28
2016,239,28.02,29.71,26.43,17.57,91.35,1.23
2016,240,28.84,31.94,25.92,10.87,87.36,1.05
2016,241,28.26,30.92,25.99,9.23,90.19,1.54
2016,242,28.5,31.66,26.06,10.76,83.26,1.31
2016,243,28.6,31.55,25.84,5.6,88.59,1.98
2016,244,28.15,30.07,26.25,6.53,91.14,2.08
2016,245,27.84,30.02,26.25,3.47,92.78,2.66
2016,246,28.44,31.29,26.05,18.24,90.3,2.32
2016,247,28.8,31.81,26.37,25.95,88.89,1.63
2016,248,28.55,31.4,26.88,11.04,90.15,1.83
2016,249,28.65,31.86,26.09,8.18,89.87,2.62
2016,250,27.98,31.35,25.98,13.56,91.51,4.11
2016,251,28.4,31.8,26.16,3.42,88.7,3.11
2016,252,28.17,31.3,25.98,0.73,89.27,2.48
2016,253,28.3,31.64,25.52,1.84,88.31,2.11
2016,254,28.09,30.85,25.66,1.42,88.33,1.69
2016,255,27.28,29.21,26.03,6.14,88.92,1.45
2016,256,27.32,29.3,25.96,16.28,89.5,1.35
2016,257,26.86,28.88,25.47,20.71,91.48,1.51
2016,258,27.39,29.81,25.16,8.01,88.16,1.06
2016,259,27.65,30.03,25.45,5.78,89.72,1.29
2016,260,28.06,31.09,25.24,6.4,87.7,1.27
2016,261,28.25,31.34,25.6,2.59,87.26,1.35
2016,262,27.85,30.23,25.96,34.82,89.55,1.19
2016,263,28.06,31,25.44,16,87.11,1.1
2016,264,27.71,29.88,26.11,23.58,91.04,1.34
2016,265,28.16,31.02,25.39,7.33,87.12,0.98
2016,266,27.74,30.46,25.42,2.88,88.1,1.02
2016,267,27.53,30.61,25.26,9.4,89.42,1.45
2016,268,27.61,30.17,26,12.37,91.36,1.93
2016,269,27.58,30.33,25.38,9.64,90.02,1.36
2016,270,27.8,30.78,25.57,17.03,88.59,1.23
2016,271,28.6,31.93,25.65,15.97,83.33,0.6
2016,272,28.77,32.39,25.47,13.69,84.04,1.01
2016,273,28.44,31.69,25.8,9.46,88.02,1.41
2016,274,28.49,31.31,25.69,0.26,87.47,1.15
2016,275,28.75,31.62,25.96,1.54,82.22,1.03
2016,276,27.87,30.23,26.14,0.94,88.41,0.86
2016,277,28.87,32.56,25.59,1.8,82.7,0.9
2016,278,28.81,32.08,25.66,2.48,83.68,0.96
2016,279,28.51,31.78,26,7.81,85.04,1.01
2016,280,27.48,29.53,26.02,12.03,89.9,1.26
2016,281,27.73,30.91,25.76,2.94,86.69,1.26
2016,282,27.29,30.03,24.97,9.24,90.71,1.44
2016,283,27.43,30.23,25.17,5.47,89.38,1.29
2016,284,26.92,29.03,25.33,11.76,92.41,1.69
2016,285,27.08,29.71,24.91,21.29,91.61,2.23
2016,286,27.57,30.65,25.45,15.01,88.62,1.76
2016,287,27.62,31.12,24.47,4.92,77.2,1
2016,288,26.34,30.76,22.61,2.52,77.02,1.28
2016,289,25.19,29.97,21.07,0,81.67,1.72
2016,290,25.57,30.88,20.92,0,85.69,1.78
2016,291,26.18,31.19,21.63,0,86.77,1.89
2016,292,26.74,31.52,22.37,0,84.47,1.71
2016,293,26.52,31.26,22.53,0,85.21,1.67
2016,294,25.86,30.64,21.84,0,81.44,1.57
2016,295,25.44,30.32,20.65,0,78.76,1.39
2016,296,25.72,30.05,21.32,0,76.27,1.26
2016,297,25.13,29.92,20.8,0,80.07,1.32
2016,298,25.02,29.44,21.02,0,86.01,1.87
2016,299,25.95,30.56,21.17,0,83.54,1.29
2016,300,26.45,30.62,22.3,0.23,81.73,0.86
2016,301,26.8,29.77,24.12,17.68,81.75,0.67
2016,302,26.64,29.76,23.8,13.29,83.2,0.69
2016,303,25.89,29.62,23.27,5.74,86.74,1.63
2016,304,24.86,28.25,21.77,7.1,87.72,1.26
2016,305,26.65,30.47,23.56,2.33,82.59,0.78
2016,306,26.63,30.45,22.94,0.26,84.53,1.18
2016,307,27.1,30.95,23.29,0.17,83.02,0.98
2016,308,26.86,30.11,23.65,0.43,84.55,0.94
2016,309,25.77,29.01,23.21,5.74,88.48,1.14
2016,310,23.29,25.91,21.49,14.21,89.8,2.15
2016,311,23.17,26.96,20.98,27.18,89.68,2.87
2016,312,23.6,27.41,20.98,9.9,88.85,2.23
2016,313,23.27,27.73,19.17,0,82.76,1.5
2016,314,23.24,27.86,18.79,0,78.64,1.04
2016,315,22.89,28.19,18.34,0,79.94,1.14
2016,316,22.76,27.5,17.97,0,78.6,1.12
2016,317,23.6,28.09,19.44,0,73.61,0.68
2016,318,23.71,28.21,19.6,0,78.79,1.13
2016,319,22.42,27.45,18.23,0,80.25,1.59
2016,320,20.7,26.66,15.8,0,79.77,1.66
2016,321,20.2,26.7,14.74,0,80.11,1.78
2016,322,19.79,26.48,14.24,0,79.61,1.96
2016,323,19.85,26.62,14.36,0,82.53,1.99
2016,324,20.43,26.84,14.59,0,79.18,1.42
2016,325,21.16,27.06,15.48,0,75.06,1.02
2016,326,21.28,26.72,16.05,0,78.79,1.23
2016,327,21.16,26.54,15.89,0,81.01,1.39
2016,328,21.79,26.62,16.78,0,77.56,0.97
2016,329,21.91,26.71,17.47,0,76.78,0.92
2016,330,21.82,26.46,16.77,0,77.35,0.93
2016,331,22.58,27.07,17.35,0,76.23,0.88
2016,332,23.33,27.27,19.15,0,72.54,0.43
2016,333,22.68,26.96,19.4,0,76.69,0.69
2016,334,22.55,26.73,18.58,0,81.39,0.83
2016,335,23.4,27.49,19.15,0,75.36,0.57
2016,336,23.54,27.72,18.69,0,72.54,0.58
2016,337,23.06,27.55,19.28,0,74.48,0.75
2016,338,21.54,26.94,17.29,0,84.51,1.5
2016,339,21.16,27.12,16.85,0,84.93,2.11
2016,340,20.28,26.66,14.88,0,83.56,1.92
2016,341,21.01,28.16,15.02,0,79.88,1.31
2016,342,21.33,27.25,15.78,0,76.18,0.84
2016,343,20.65,27.1,14.83,0,79.64,1.25
2016,344,19.56,26.28,14.29,0,83.43,1.94
2016,345,18.7,25.71,12.98,0,81.68,1.86
2016,346,18.63,25.59,12.63,0,80.67,1.6
2016,347,17.78,24.8,12.36,0,78.25,1.83
2016,348,16.89,24.23,10.92,0,76.95,1.8
2016,349,16.59,23.65,10.91,0,79.11,1.69
2016,350,17.17,24.37,11.81,0,78.11,1.85
2016,351,17.99,24.79,12.05,0,81.51,1.65
2016,352,19.21,25.48,13.48,0,82.87,1.29
2016,353,19.48,25.22,14.41,0,80.52,1.24
2016,354,18.95,24.53,14.18,0,79.84,1.41
2016,355,18.3,24.23,13.32,0,74.6,1.41
2016,356,17.54,23.86,12.59,0,66.67,1.16
2016,357,18.3,25.23,13.34,0,73.91,1.21
2016,358,19.54,25.37,14.5,0,75.54,0.97
2016,359,21.07,26.67,15.75,0,76.38,0.71
2016,360,21.4,26.06,16.8,0,74.62,0.78
2016,361,21.09,26.52,17.63,0.14,76.15,0.88
2016,362,19.75,25.63,15.31,0.01,81.9,1.66
2016,363,18.39,24.9,13.25,0,82.16,1.86
2016,364,19.05,25.59,13.1,0,78.6,1.24
2016,365,19.23,25.27,14.32,0,80.05,1.09
2016,366,19.74,25.45,14.61,0,76.44,1.06
2017,1,20.07,25.63,15.74,0,74.54,1.02
2017,2,19.63,26.03,14.8,0,74.3,1.13
2017,3,19.35,26,14.18,0,80.56,1.74
2017,4,19.08,25.72,13.88,0,77.74,1.83
2017,5,18.01,25.28,12.45,0,71.85,1.71
2017,6,17.25,24.99,11.36,0,69.37,1.73
2017,7,17.51,24.89,11.46,0,66.36,1.41
2017,8,18.01,25.82,11.96,0,64.94,1.52
2017,9,18.43,25.7,12.26,0,68.16,1.45
2017,10,18.48,25.88,13.36,0.06,72.17,1.7
2017,11,17.8,24.3,12.39,0.1,77.5,1.68
2017,12,16.78,23.92,11.08,0.06,68.91,2.1
2017,13,14.8,22.79,8.99,0,58.68,2.11
2017,14,13.42,21.75,6.78,0.65,59.3,1.97
2017,15,13.84,22.75,6.68,0,65.92,2.05
2017,16,15.28,23.82,8.08,0,60.81,1.75
2017,17,17.24,24.49,11.58,0,54.17,1.15
2017,18,17.34,25.1,11.14,0,62.49,1.76
2017,19,17.64,26.37,11.01,0,66.4,2.07
2017,20,17.84,26.39,10.6,0,60.48,1.7
2017,21,17.49,25.73,10.86,0,59.7,1.74
2017,22,17.18,25.99,10.05,0,61.2,1.89
2017,23,17.72,25.74,10.55,0,58.1,1.64
2017,24,19.22,26.42,13.41,0,57.58,1.34
2017,25,20.27,27.86,12.93,0,59.79,1.16
2017,26,21.72,28.34,14.84,0,56.43,0.73
2017,27,22.31,28.68,17.48,0,56.28,0.9
2017,28,20.6,27.68,14.66,0,67.91,1.87
2017,29,18.53,26.07,12.02,0,63.5,1.78
2017,30,19.42,26.63,13.51,0,60.06,1.59
2017,31,19.97,26.65,13.21,0,54.72,1.34
2017,32,20.08,27.4,14.48,0,52.66,1.06
2017,33,18.95,26.68,12.57,0,58.36,1.93
2017,34,18.63,25.7,12.92,0,58.08,1.51
2017,35,20.42,28.19,12.17,0,56.82,1.15
2017,36,22.44,30.52,16.07,0,49.99,0.92
2017,37,22.4,30.06,16.2,0,52.19,1.03
2017,38,22.01,29.97,14.7,0,53.6,1.7
2017,39,21.28,29.02,13.66,0,49.02,1.57
2017,40,21.25,29.33,14.18,0,41.16,1.45
2017,41,21.86,29.67,14.58,0,43.82,1.13
2017,42,22.4,29.34,15.47,0,47.87,1.22
2017,43,22.12,30.19,15.14,0,49.09,1.5
2017,44,22.46,29.62,15.53,0,52.68,1.38
2017,45,23.65,30.39,17.59,0,52.98,1.2
2017,46,23.3,30,18.3,0,50.42,1.5
2017,47,22.67,30.31,16.17,0,47.2,1.43
2017,48,23.3,30.73,15.5,0,42.47,0.91
2017,49,24.21,31.26,17.6,0,43.36,0.86
2017,50,24.64,30.92,19.14,0,45.81,1.04
2017,51,24.59,30.96,18.78,0.03,62.67,2.16
2017,52,25.51,33.35,18.72,0.19,65.63,3.63
2017,53,26.36,34.29,20.2,0.67,66.4,3.48
2017,54,25.39,32.63,18.87,3.69,59.95,2.28
2017,55,22.93,31.58,15.23,0.05,37.84,1.74
2017,56,22.62,29.74,15.52,0.04,30.75,1.28
2017,57,22.86,30.74,15.32,0,30.89,1.28
2017,58,23.29,31.43,16.58,0,34.34,1.44
2017,59,23.86,31.79,16.53,0,35.54,1.13
2017,60,25.11,32.76,17.05,0,30.1,0.82
2017,61,25.92,34.91,18.52,0,33.61,1.8
2017,62,26.83,35.68,18.44,0,47.47,1.98
2017,63,26.24,34.48,18.98,0.06,50.49,2.12
2017,64,26.09,34.01,19.29,6.58,62.07,2.31
2017,65,25.16,32.57,19.12,6.22,60.19,1.38
2017,66,25.41,31.9,19.37,12.07,59.58,0.96
2017,67,25.31,31.8,19.14,0.5,51.65,1.45
2017,68,24.21,30.06,18.73,4.13,68.98,1.54
2017,69,26.07,32.76,20.02,2.74,68.61,2.08
2017,70,25.1,29.62,22.42,58.71,84.12,2.75
2017,71,23.84,29.38,19.73,4.28,64.09,1.84
2017,72,22.9,29.62,15.1,0,42.14,1.81
2017,73,23.89,30.4,17.66,0,34.22,0.95
2017,74,23.62,30.06,17.61,0,36.2,1
2017,75,24.22,30.66,17.81,0,33.24,1.06
2017,76,23.89,32.01,16.68,0,43.44,1.66
2017,77,24.18,31.81,18.02,4.48,71.14,1.86
2017,78,24.72,32.13,17.64,0.63,49.06,0.95
2017,79,21.52,26.68,17.9,8.42,67.76,2.13
2017,80,23.45,29.88,17.01,2.62,63.41,1.01
2017,81,24.8,31.34,17.84,1.55,64.13,1.64
2017,82,25.94,32.34,19.29,0,69.01,1.89
2017,83,27.36,34.5,20.86,0.01,67.62,2.51
2017,84,26.54,32.77,21.85,26.72,77.89,2.4
2017,85,26.34,31.73,21.71,12.11,78.15,1.56
2017,86,27.92,34.48,22.09,0.03,72.01,2.21
2017,87,28.08,34.18,23.21,1.92,74.56,3.03
2017,88,27.51,32.75,23.63,15.17,79.66,3.05
2017,89,28.96,36.59,23.89,2.78,74.91,3.9
2017,90,28.67,35.12,24.03,3.54,76.06,3.33
2017,91,28.63,35.7,23.7,6.26,74.62,3.69
2017,92,28.67,36.15,23.78,6.61,74.57,4.39
2017,93,28.68,35.69,24.19,3.23,75.92,4.36
2017,94,28.24,34.74,24.13,4.17,77.27,3.16
2017,95,27.48,32.68,23.78,12.12,80.63,2.67
2017,96,27.56,32.79,23.04,13.92,80.22,1.78
2017,97,29.13,35.24,23.95,1.36,75.78,2.58
2017,98,29.58,35.41,24.37,0.43,73.7,2.57
2017,99,30.13,37,24.28,1.08,67.27,2.24
2017,100,29.15,36.42,22.81,0.06,64.3,2.41
2017,101,28.38,36.31,21.02,0.01,58.74,1.97
2017,102,27.78,35.99,20.22,0,59.01,1.33
2017,103,28.63,36.25,21.85,0,60.16,2.04
2017,104,28.63,36.35,21.81,0,56.27,2.23
2017,105,28.17,35.83,20.7,0.21,65.46,3.11
2017,106,26.44,30.71,23.11,46.03,81.01,1.43
2017,107,27.13,33.24,20.57,0.06,68.82,1.47
2017,108,28.71,34.91,22.62,0.02,68.97,2.31
2017,109,28.24,32.02,24.82,32.9,82.14,3.43
2017,110,27.59,31.23,25.22,36.87,85.56,3.27
2017,111,26.79,29.4,24.79,42.23,91.06,3.3
2017,112,26.92,29.92,25.04,53.51,90.77,3.81
2017,113,27.41,30.96,24.39,39.15,87.33,1.98
2017,114,27.75,31.69,24.56,43.36,87.32,3.37
2017,115,28.45,32.85,25.13,47.49,88.14,3.58
2017,116,28.46,32.35,25.55,18.47,88.25,3.33
2017,117,27.57,31.35,25.14,13.1,87.97,2.77
2017,118,27.3,31.27,24.28,0.64,86.83,2.35
2017,119,27.88,32.28,23.94,2.22,85.74,2.69
2017,120,27.83,31.86,24.25,5.25,86.58,2.35
2017,121,26.7,29.13,24.4,23.76,88.98,1.75
2017,122,27.42,31.02,23.8,43.58,79.95,0.97
2017,123,27.7,31.75,22.89,12.99,81.41,1.45
2017,124,28.02,32.26,23.89,2.62,82.4,1.65
2017,125,28.29,33.33,24.2,1.56,83.07,2.43
2017,126,28.1,32.09,24.46,2.24,86.52,2.45
2017,127,27.69,31.07,24.67,4.18,87.31,2.48
2017,128,28.43,32.38,25.33,7.62,83.92,1.99
2017,129,27.5,31.35,24.71,4.96,85.29,1.34
2017,130,26.97,29.65,24.61,7.73,84.2,1.27
2017,131,28.48,32.75,24.26,1.61,80.37,1.62
2017,132,29.25,33.05,24.57,1.43,76.31,1.02
2017,133,29.04,32.82,25.26,3.74,80.33,1.48
2017,134,28.97,33.17,25.09,20.75,83.62,1.64
2017,135,28.97,32.58,25.7,19.17,87.52,2.06
2017,136,28.54,31.13,26.02,68.99,86.45,1.8
2017,137,29.06,32.2,25.99,24.97,85.18,1.16
2017,138,29.09,32.45,25.71,7.69,85.81,1.75
2017,139,29.34,32.31,26.96,17.08,87.06,1.85
2017,140,29.26,32.94,25.96,5.24,85.98,2.3
2017,141,29.15,32.59,26,3.63,87.21,2.11
2017,142,29.28,32.7,26.21,2.36,86.05,2.09
2017,143,29.32,32.15,26.26,6.05,87.07,1.76
2017,144,29.51,32.24,27.05,5.68,87.35,1.92
2017,145,29.62,32.89,26.54,0.96,85.64,2.05
2017,146,29.67,33.15,25.84,2.72,81.2,1.4
2017,147,29.73,32.66,26.26,12.82,80.9,1.18
2017,148,30.19,32.58,26.77,6.23,78.47,0.83
2017,149,29.83,32.92,27.35,4.78,77.97,0.93
2017,150,27.05,29.22,25.3,17.03,92.26,4.76
2017,151,28,31.29,24.51,18.83,87.71,1.95
2017,152,28.29,29.54,26.76,34.27,92.47,3.41
2017,153,28.66,31.18,26.9,24.63,90.03,3.78
2017,154,29.45,32.81,26.69,28.71,89.89,3.57
2017,155,29.52,32.32,27.52,13.67,91.28,3.22
2017,156,28.78,30.91,27.2,12.04,92.83,3.12
2017,157,29.12,32,26.64,9.23,87.95,1.37
2017,158,29.72,32.89,26.92,0.5,83.73,1.3
2017,159,29.45,32.39,26.71,3.38,85.38,1.43
2017,160,28.64,31.24,26.52,2.18,89.21,1.57
2017,161,28.68,31.54,26.33,4.06,86.34,1.4
2017,162,27.92,29.92,26.16,39.7,92.64,2.72
2017,163,27.33,28.65,26.61,58.78,93.05,5.74
2017,164,28.64,31.39,26.29,9.55,92.59,2.91
2017,165,28.54,31.42,26.88,12.46,90.67,2.52
2017,166,27.76,30.16,26.46,10.72,92.02,3.44
2017,167,27.63,29.16,26.32,49.31,93.38,4.3
2017,168,28.46,31.37,26.19,26.5,89.44,3.51
2017,169,28.7,31.28,26.47,39.3,92.48,3.72
2017,170,28.27,29.8,27.16,44.36,94.92,3.49
2017,171,27.58,29.25,26.3,30.63,92.57,1.96
2017,172,27.91,30.33,25.71,8.99,89.63,1.59
2017,173,28.42,31.07,26.27,9.8,89.81,1.95
2017,174,28.5,31.53,26.48,5.74,89.06,1.98
2017,175,28.57,31.77,25.94,3.96,89.54,2.25
2017,176,28.45,31.65,25.86,1.97,89.95,3.07
2017,177,28.75,31.89,26.38,5.2,89.72,3.08
2017,178,28.17,30.64,26.24,0.39,91.32,2.83
2017,179,28.77,31.54,26.47,2.24,90.7,2.93
2017,180,28.46,30.92,26.83,6.17,91.87,2.66
2017,181,28.46,30.26,26.7,8.76,92.6,2.63
2017,182,28.52,30.68,27.12,29.38,92.99,2.71
2017,183,28.83,31.74,26.71,18.16,90.61,2.62
2017,184,28.24,29.89,26.76,67.84,93.28,3.54
2017,185,28.17,29.99,26.63,29.39,93.24,3.11
2017,186,28.56,30.82,26.65,13.76,91.33,3.46
2017,187,29.09,31.98,26.51,4.87,89.02,2.58
2017,188,28.56,30.71,26.96,9.94,90.12,2.4
2017,189,28.22,30.32,26.46,4.07,91.78,3.04
2017,190,28.39,31.03,26.35,5.58,90.24,3.27
2017,191,28.32,31.06,26.36,15.77,91.71,3.14
2017,192,27.89,29.78,26.61,20,92.45,2.27
2017,193,27.82,30.15,26.02,48.39,91.69,2.57
2017,194,27.62,30.11,25.67,4.92,91.84,2.54
2017,195,27.69,30.34,25.58,5.59,91.77,2.45
2017,196,28.45,31.53,25.62,1.21,88.14,2.06
2017,197,27.74,29.6,25.68,0.89,90.79,1.61
2017,198,28.88,31.69,26.2,5.04,87.28,1.31
2017,199,28.86,31.71,26.61,3.99,89.63,1.71
2017,200,27.73,29.46,26.41,27.7,93.75,4.01
2017,201,27.57,29.23,26.09,85.23,94.07,3.39
2017,202,28.66,31.95,26.06,43.71,91.37,2.67
2017,203,28.02,29.72,26.74,11.21,91.64,1.7
2017,204,27.82,29.59,26.08,24.07,93.02,4.34
2017,205,27.09,28.65,25.86,90.43,94.44,5.1
2017,206,27.07,28.6,26.1,142.24,94.31,3.76
2017,207,27.45,29.68,25.45,43.63,90.62,2.41
2017,208,28.1,31.02,25.42,10.85,89.29,1.9
2017,209,28.73,31.43,25.99,5.77,88.85,1.63
2017,210,28.08,29.64,26.51,5.02,92.08,1.37
2017,211,28.6,31.65,26.09,16.84,88.06,1.47
2017,212,29.13,32.34,25.8,7.24,86.22,1.48
2017,213,28.61,31.06,26.56,3.15,90.37,2.32
2017,214,28.5,31.13,26.65,25.24,90.7,2.01
2017,215,29.11,31.97,26.58,94.89,88.94,1.56
2017,216,29.06,31.08,26.68,19.59,88.79,1.17
2017,217,28.85,31.2,27.07,10.61,91.58,2.03
2017,218,28.65,31.59,26.71,12.61,89.61,2.39
2017,219,28.68,31.84,26.31,15.42,89.65,2.71
2017,220,28.79,32.37,26.15,14.1,89.9,2.73
2017,221,28.29,30.44,26.67,10.79,91.21,3.01
2017,222,28.38,30.49,26.59,24.23,92.57,3.85
2017,223,27.83,29.08,26.42,73.17,93.91,3.87
2017,224,27.76,28.99,26.76,92.84,94.49,3.44
2017,225,27.39,29.06,25.97,64.12,92.16,2.5
2017,226,28.13,30.8,25.84,21.75,89.83,1.73
2017,227,28.37,31.11,26,31.87,90.3,2.01
2017,228,28.46,31.34,26.29,20.79,91.25,1.8
2017,229,28.65,31.84,26.26,7.78,90.18,2.28
2017,230,28.12,31.06,25.74,4.22,91.48,2.76
2017,231,28.18,31.68,25.66,3.1,89.84,2.59
2017,232,28.05,31.04,25.62,1.63,88.63,1.83
2017,233,29.01,32.33,25.62,1.86,83.59,1.21
2017,234,28.71,31.73,25.8,32.81,84.86,0.95
2017,235,28.63,30.95,25.8,54.88,84.05,0.64
2017,236,28.01,29.7,26.35,32.67,90.88,1.51
2017,237,28.43,31.22,26.17,5.61,88.06,1.29
2017,238,27.92,29.41,26.23,18.94,93.04,1.85
2017,239,28.14,31.02,26,23.72,90.65,2.59
2017,240,27.54,30.23,25.84,12.26,92.13,2.16
2017,241,27.72,30.35,25.48,8.15,92.56,2.28
2017,242,28,30.18,25.84,5.7,89.82,1.23
2017,243,27.79,30.08,26.06,13.32,91.32,1.77
2017,244,27.7,29.74,25.92,27.95,93.93,2.14
2017,245,27.89,30.32,25.82,23.49,90.73,1.81
2017,246,27.86,30.45,25.82,13.01,91.24,2.13
2017,247,28.09,30.84,25.68,2.99,89.63,1.83
2017,248,28.12,30.52,26.12,5.03,91.31,1.91
2017,249,28.22,31.06,25.55,5.38,89.29,1.24
2017,250,28.34,31.1,26,4.8,88.32,1.51
2017,251,28.18,31.5,25.39,3.97,89.27,2.12
2017,252,26.94,29.27,25.38,1.91,89.75,2.56
2017,253,27.41,29.32,25.43,60.07,94,2.75
2017,254,27.68,30.3,25.37,38.15,91.5,1.91
2017,255,27.55,30.16,25.48,17.52,90.51,1.45
2017,256,28.12,31.23,25.31,4.81,88.27,1.46
2017,257,28.12,31.03,25.54,8.75,88.72,1.56
2017,258,28.88,31.98,25.46,4.83,83.53,0.99
2017,259,30.03,33.42,26.29,1.71,79.86,0.75
2017,260,29.25,32.15,26.87,7.78,88.69,1.25
2017,261,27.34,28.77,25.93,22.93,93.6,1.9
2017,262,27.68,29.83,26,53.62,92.19,2.38
2017,263,27.7,30.2,26.02,21.73,91.64,2.26
2017,264,28.13,30.89,25.77,10.56,91.41,1.87
2017,265,27.93,29.96,26.03,7.24,90.37,1.31
2017,266,28.43,31.48,26,1.84,90.36,1.39
2017,267,29.09,33,25.62,0.15,84.97,1.07
2017,268,29.18,32.55,25.84,1.65,84.95,0.93
2017,269,29.43,32.52,26.62,1.43,84.35,0.76
2017,270,28.3,30.83,26.51,3.65,87.57,1
2017,271,27.86,30.91,25.91,27.16,88.07,0.89
2017,272,26.67,27.99,25.34,36.86,94.37,3
2017,273,27.07,29.06,25.5,38.24,94.33,1.78
2017,274,27.01,28.84,25.57,24.4,91.1,1.25
2017,275,27.09,29.71,24.93,14.07,92.63,1.73
2017,276,27.64,30.14,25.2,3.15,87.07,1.07
2017,277,28.29,30.9,25.39,0.78,82.52,0.53
2017,278,28.55,32.2,25.73,0.06,86.39,1.17
2017,279,28.22,31.04,25.61,2.64,86.96,0.92
2017,280,26.96,28.86,25.64,8.67,92.71,1.29
2017,281,26.41,28.61,24.91,8.41,92.98,2.39
2017,282,26.35,28.2,24.76,25.36,93.81,3.12
2017,283,27.34,30.54,24.78,7.39,89.13,2.14
2017,284,28.08,31.96,24.6,0.18,85.04,0.96
2017,285,28.18,31.52,25.17,0.17,87.7,1.4
2017,286,27.47,30.38,25.24,0.57,90.11,2.19
2017,287,27.52,30.54,24.85,2.22,90.66,1.83
2017,288,28.41,32.09,24.96,16.52,81.46,1.03
2017,289,28.4,31.78,25.32,7.5,72.28,0.79
2017,290,27.67,32.14,22.98,0.45,80.18,1.37
2017,291,27.67,31.13,25.19,6.45,89.92,1.65
2017,292,26.37,28.15,25.3,12.4,93.11,2.17
2017,293,26.09,27.54,24.86,132.71,95.7,3.82
2017,294,25.92,27.39,23.4,131.16,95.59,4.9
2017,295,24.99,28.79,21.81,6.22,87.04,2.33
2017,296,25.15,29.48,21.42,3.29,87.03,1.65
2017,297,25.26,29.36,21.33,0.23,89.2,1.45
2017,298,26.04,30.72,22.21,0.64,80.02,0.82
2017,299,25.19,29.66,20.64,0.01,75.34,1.07
2017,300,24.32,28.48,20.12,0,73.16,0.91
2017,301,24.89,28.7,20.56,0,70.48,0.74
2017,302,24.37,28.68,20.37,0.03,69.85,0.82
2017,303,23.12,26.74,19.76,4.96,82.73,1.09
2017,304,22.82,26.21,18.62,0.64,82.92,1.19
2017,305,23.4,27.11,18.7,0,77.7,1.01
2017,306,24.03,28.54,19.39,0,75.61,1.11
2017,307,24.22,28.89,19.1,0,77.57,0.97
2017,308,24.69,29.4,19.25,0,80.49,1.26
2017,309,24.44,29.12,20.18,0,83.24,1.36
2017,310,24.43,29.57,20.01,0,84.08,1.26
2017,311,24.61,29.18,19.91,0,81.7,1.13
2017,312,24.86,29.2,19.89,0.04,76.76,0.88
2017,313,24.64,28.89,19.97,0,68.82,0.71
2017,314,23.95,28.15,18.72,0,72.48,1.05
2017,315,23.74,28.81,18.48,0,76.25,1.18
2017,316,23.2,28.69,17.81,0,81.07,1.41
2017,317,23.17,28.41,18.13,0,81.11,1.15
2017,318,23.36,27.21,18.45,0,78.56,0.91
2017,319,22.14,25.4,20,6.56,89.5,1.03
2017,320,21.67,24.45,19.21,7.93,91.25,1.76
2017,321,23.78,27.8,20.05,2.12,86.61,1.32
2017,322,25.14,29.22,21.53,6.86,83.18,0.82
2017,323,24.34,28.46,20.95,0.03,85.28,1.32
2017,324,23.74,28.56,20.14,0,82.94,1.26
2017,325,21.65,26.84,17.63,0,81.87,1.8
2017,326,19.38,26.34,14.16,0,75.68,1.58
2017,327,18.31,25.38,12.74,0,75.6,1.7
2017,328,18.16,24.38,13.15,0,81.57,1.8
2017,329,18.06,25.11,12.27,0,74.68,1.55
2017,330,18.58,25.14,12.99,0,78.59,1.58
2017,331,19.25,25.48,14.17,0,79,1.24
2017,332,18.96,25.16,14.61,0,70.53,0.98
2017,333,18.95,24.29,14.04,0,78.73,1.16
2017,334,18.95,24.76,14.54,0,84.85,1.41
2017,335,19.65,25.25,14.12,0,81.46,1.25
2017,336,20.71,26.12,15.14,0,77.88,0.96
2017,337,20.07,24.93,15.25,0,78.36,1.07
2017,338,19.75,25.09,14.48,0,82.82,1.32
2017,339,20.66,26.01,15.64,0,79.05,0.79
2017,340,20.19,25,14.93,0,80.61,0.94
2017,341,21.14,26.14,15.27,0,77.52,1
2017,342,20.56,24.09,17.93,1.84,87.28,1.03
2017,343,20.28,23.53,17.58,20.8,91.81,1.05
2017,344,22.6,26.2,19.68,46.56,92.57,2.31
2017,345,22.44,25.52,19.96,26.29,91.69,2.39
2017,346,22.5,26.53,18.94,0.78,84.82,1.15
2017,347,22.15,26.32,18.27,0,80.74,0.93
2017,348,20.5,26.01,15.92,0,79.95,1.33
2017,349,19.33,24.65,14.77,0,78.93,1.36
2017,350,18.56,24.44,13.39,0,77.13,1.11
2017,351,18.31,23.84,13.54,0,82.69,1
2017,352,18.65,23.49,13.85,0,86.6,1.29
2017,353,19.1,23.49,14.35,0,83.96,1.01
2017,354,19.9,24.52,15.54,0,83.2,0.72
2017,355,20.02,24.94,16.9,0,82.92,0.81
2017,356,20.1,24.29,15.33,0,78.16,0.68
2017,357,20.07,24.45,16.56,0,78.37,0.99
2017,358,18.3,24.22,13.61,0,83.51,1.42
2017,359,18.77,24.41,13.42,0,86.02,1.58
2017,360,18.38,23.79,14.79,0,83.42,2.08
2017,361,17.07,23.6,11.72,0,81.06,2.03
2017,362,17.7,25.1,11.55,0,84.46,1.37
2017,363,18.85,24.43,13.36,0,84.33,0.96
2017,364,19.39,25.58,13.65,0,79.23,1.11
2017,365,19.28,25.48,13.85,0,79.67,1.21
2018,1,19.11,24.48,13.78,0,82.98,1.13
2018,2,18.24,23.16,15.28,0.01,85.99,1.53
2018,3,15.78,22.65,11.52,0.17,76.88,2.22
2018,4,13.78,20.32,8.19,0.34,76.58,1.5
2018,5,13.87,20.79,8.24,0,80.73,1.97
2018,6,13.41,21.07,7.8,0,72.85,1.77
2018,7,12.95,19.85,7.42,0,67.57,1.58
2018,8,13.15,19.32,8.52,0,63.93,1.05
2018,9,12.8,19.47,7.09,0,70.44,1.35
2018,10,12.83,19.65,6.43,0,71.76,1.39
2018,11,12.81,19.16,7.83,0,73.66,1.19
2018,12,13.73,20.31,8.9,0,74.68,1.18
2018,13,14.86,20.99,10.04,0,76.43,0.81
2018,14,14.86,21.16,9.95,0,84.36,1.47
2018,15,15.01,21.63,9.28,0,74.08,1.56
2018,16,15.47,22.05,10.21,0,70.47,1.51
2018,17,15.56,22.91,10.01,0,74.79,1.54
2018,18,16.11,23.89,10.44,0,72.87,1.39
2018,19,15.55,22.86,9.63,0,67.68,1.47
2018,20,15.87,22.49,10.07,0,61.43,1.22
2018,21,16.11,22.87,11.45,0,66.54,1.15
2018,22,15.63,23.29,9.4,0,68.9,1.31
2018,23,16.32,23.42,10.46,0,66.54,1.51
2018,24,17.32,23.5,11.77,0,63.23,1.02
2018,25,17.76,24.79,12.29,0,70.66,1.48
2018,26,16.7,23.57,10.65,0,67.38,1.58
2018,27,15.89,21.98,10.94,0,64.84,1.43
2018,28,15.65,21.67,10.28,0,57.88,1.12
2018,29,15.76,21.89,10.91,0,57.93,1.13
2018,30,16.43,22.49,10.44,0,58.89,1.11
2018,31,16.07,23.34,9.78,0,70.58,1.51
2018,32,17.71,24.08,11.26,0,71.99,1.02
2018,33,19.38,24.43,13.89,0,65.94,0.8
2018,34,19.59,25.28,13.46,0,69.97,1.02
2018,35,20.14,26.71,13.15,0,68.78,1.64
2018,36,20.64,26.83,14.74,0,73.78,1.19
2018,37,20.49,26.36,15.79,0,66.76,1.25
2018,38,19.99,27.22,13.75,0,64.1,1.57
2018,39,20.23,26.51,16.03,0,64.14,1.74
2018,40,20.36,27.65,13.31,0.01,63.69,1.71
2018,41,20.41,26.16,15.9,0.2,64.19,1.3
2018,42,19.48,25.78,14.37,0.14,50.76,1.2
2018,43,19.28,27.36,12.72,0,56.99,1.59
2018,44,19.55,28.22,12.49,0,62.72,1.83
2018,45,20.55,27.28,14.75,0,71.01,1.85
2018,46,20.17,27.08,14.18,0,61.75,1.64
2018,47,19.4,26.77,12.3,0,55.37,1.79
2018,48,20.57,27.15,14.16,0,51.57,1.14
2018,49,22.08,27.86,16.01,0,52.32,0.93
2018,50,22.58,28.64,15.31,0,54.3,1.07
2018,51,22.76,28.98,16.46,0,60.86,1.01
2018,52,22.93,29.65,17.1,0,62.15,1.14
2018,53,22.78,29.37,16.29,0,60.16,1.19
2018,54,24.29,31.02,17.77,0,56.63,1.46
2018,55,24.58,31.94,17.82,0.03,61.09,1.28
2018,56,25.45,32.84,18.1,0.06,58.78,1.08
2018,57,24.28,31.22,18.65,21.14,63.43,1.2
2018,58,23.74,30.12,18.53,8.05,72.71,1.07
2018,59,23.65,29.95,17.89,0.63,68.49,1.32
2018,60,24.76,30.43,19.96,0,59.3,1.18
2018,61,24.98,31.32,18.31,0,59.42,1.37
2018,62,25.2,32.95,18.04,0,59.49,2.29
2018,63,25.17,33.69,17.15,0,62.41,1.95
2018,64,25.85,33.8,18.78,0,62.43,1.47
2018,65,25.32,33.26,18.74,0.02,53.36,1.74
2018,66,24.34,32.34,16.93,0.02,48.55,1.54
2018,67,23.89,31.41,15.9,0,44.09,1.61
2018,68,24.95,32.38,18.12,0,46.97,1.58
2018,69,25.28,32.57,18.3,0,40.19,1.24
2018,70,25.2,33.28,17.21,0,43.74,1.4
2018,71,25.56,34.02,17.25,0,51.1,1.81
2018,72,25.99,33.9,20.14,0,50.02,1.54
2018,73,25.84,33.56,18.24,0,60.82,1.31
2018,74,26.72,34.48,19.37,0,60.94,1.36
2018,75,26.66,34.19,20.44,0.14,58.98,2.32
2018,76,27.93,34.94,21.74,0.41,56.82,1.66
2018,77,27.39,34.47,21.08,0.03,51.37,1.46
2018,78,26.82,35.11,19.66,0.11,55.23,1.25
2018,79,27.18,34.85,19.88,0,38.45,1.07
2018,80,27.41,35.1,19.09,0,42.6,1.26
2018,81,27.47,35.58,20.2,0,51.22,1.39
2018,82,27.98,35.53,21.3,0.08,55.6,1.8
2018,83,28.47,34.85,22.33,0.88,63.53,1.66
2018,84,29.21,35.03,23.18,2.05,58.87,0.99
2018,85,28.6,34.74,22.95,7.24,59.6,1.42
2018,86,27.45,34.27,21.56,4.79,61.54,1.56
2018,87,28.48,35.07,22.35,4.59,65.14,1.58
2018,88,28.48,35.18,22.17,0.53,62.21,2.37
2018,89,28.56,36.08,22.42,1.24,64.76,2.5
2018,90,25.75,30.8,22.53,38.09,78.54,1.7
2018,91,26.33,32.02,20.07,9.16,64.61,0.99
2018,92,25.44,29.92,21.15,0.67,67.98,1.26
2018,93,27.89,33.95,21.39,0.02,58.16,0.94
2018,94,28.69,35.08,22.18,0,53.01,0.72
2018,95,27.41,32.79,22.24,0.29,62.64,1.77
2018,96,26,30.29,21.91,21.79,76.26,1.58
2018,97,25.95,29.37,22.2,9.23,79.03,1.49
2018,98,25.75,29.03,22.98,12.98,80.34,0.96
2018,99,26.52,30.86,21.68,7.12,75.59,1.18
2018,100,27.25,31.85,22.65,1.88,71.2,1.39
2018,101,27.25,32.17,21.97,15.67,72.75,1.57
2018,102,27.32,32.66,21.78,7.81,71.99,1.58
2018,103,27.16,32.64,21.58,4.48,72.42,1.54
2018,104,27.99,33.66,22.51,16.09,75.18,2
2018,105,28.3,34.03,22.19,7.65,72.08,1.44
2018,106,28.87,34.41,22.51,2.6,67.54,1.16
2018,107,27.86,33.18,23.61,13.49,72.15,1.1
2018,108,27.55,32.44,23.36,12.9,79.65,1.81
2018,109,27.75,32.44,23.59,18.79,82.56,2.61
2018,110,28.31,33.41,24.01,11.96,81.76,2.94
2018,111,28.45,33.1,24.84,28.97,84.12,3.12
2018,112,28.41,32.83,24.86,13.71,83.54,2.4
2018,113,28.54,33.3,24.3,3.28,79.23,1.66
2018,114,28.63,33.61,24.19,5.44,76.78,1.43
2018,115,27.78,32.69,23.07,3.99,79.64,2.16
2018,116,26.99,30.92,23.47,22.17,82.75,1.65
2018,117,25.57,28.37,23.39,14.33,86.74,1.45
2018,118,26.73,30.84,21.94,23.12,80.33,1.27
2018,119,26.53,30.35,23.14,59.54,83.88,2.6
2018,120,26.26,30.22,22.93,68.49,90.42,2.39
2018,121,26.54,30.24,23.32,30.31,86.43,1.28
2018,122,26.8,30.26,23.39,4.82,85.98,1.55
2018,123,26.67,29.88,23.6,10.77,84.16,1.32
2018,124,26.93,30.29,24,16.3,84.69,1.58
2018,125,27.45,31.65,23.49,26.9,86.99,2.39
2018,126,28.39,32.69,24.79,6.76,86.36,3.16
2018,127,28.49,32.95,25.42,13.12,87.77,3.55
2018,128,29.15,33.68,25.47,3.22,85.49,2.97
2018,129,28.82,33,25.88,9.07,86.75,2.95
2018,130,28.05,31.7,25.14,18.57,87.2,2.56
2018,131,27.46,31.11,24.34,7.04,85.87,1.5
2018,132,27.78,31.33,24.96,5.19,85.66,1.24
2018,133,27.52,30.92,24.52,7.69,86.14,2.01
2018,134,27.25,29.97,24.66,11.09,84.51,1.4
2018,135,27.3,30.76,23.59,18.35,83.35,1.66
2018,136,26.16,29.23,23.6,22.36,89.35,1.82
2018,137,26.98,30.35,23.68,13.19,83.47,1.22
2018,138,27.72,31.39,24.1,16.92,84.15,1.3
2018,139,28.04,31.62,24.57,14.74,84.55,1.35
2018,140,28.48,32.14,25.01,16.92,84.84,1.94
2018,141,28.22,31.75,24.87,13.54,86.42,2.11
2018,142,28.34,31.53,25.5,4.09,86.69,2.27
2018,143,27.63,30.07,25.88,41,90.84,2.39
2018,144,27.47,29.61,25.75,7.9,92.07,2.56
2018,145,27.91,30.24,25.9,12.54,91.64,3
2018,146,28.36,30.89,26.39,14.73,90.42,2.58
2018,147,28.53,31.28,25.63,5.58,89.22,2.15
2018,148,28.73,31.97,25.89,2.51,87.75,2.2
2018,149,29.27,33.05,25.34,35.71,80.23,1.28
2018,150,29.5,33.46,25.17,34.97,80.12,1.42
2018,151,28.32,31.16,26.07,36.41,90.75,2.56
2018,152,27.28,29.29,25.21,13.78,92.73,2.04
2018,153,27.15,29.55,24.62,15.86,89.31,1.2
2018,154,28.28,31.31,25.51,8.85,88.86,1.6
2018,155,28.34,30.36,26.39,26.04,91.64,1.67
2018,156,28.22,31.3,24.91,9.49,83.37,1.79
2018,157,28.88,32.11,25.77,3.43,86.25,1.13
2018,158,29.04,31.37,27.08,6.96,88.29,1.39
2018,159,28.73,31.19,26.51,4.4,88.18,1.16
2018,160,29.21,32.17,26.91,7.11,85.65,1.05
2018,161,28.26,30.51,26.7,28.75,91.59,2.43
2018,162,28.86,31.74,26.63,6.74,90.38,3.04
2018,163,28.88,30.86,27.28,14.61,92.63,2.18
2018,164,29.01,31.64,26.89,14.19,90.82,2.85
2018,165,29.19,32.04,27.03,5.87,91,2.81
2018,166,29.27,32.28,26.91,16.49,91.56,3.36
2018,167,28.57,30.58,26.75,9.82,92.05,3.13
2018,168,29.54,33.55,26.41,7.01,86.63,2.27
2018,169,29.47,32.76,26.32,10.38,87.76,2.37
2018,170,29.14,31.98,26.99,21.66,90.38,2.43
2018,171,28.66,31,26.64,15.49,90.53,1.97
2018,172,28.55,30.83,26.97,5.6,91.11,2.21
2018,173,28.46,30.62,26.5,4.02,90.23,2.39
2018,174,28.26,30.87,26.59,13.41,90.53,2.44
2018,175,27.96,30.07,26.41,18.77,91.78,2.62
2018,176,28.54,31.46,26.45,17.99,90.01,2.3
2018,177,28.72,31.95,26.29,15.68,89.31,1.94
2018,178,28.06,31.09,26.13,8.25,91.38,4.31
2018,179,27.9,30.47,26.18,15.3,91.57,3.33
2018,180,28.53,31.86,25.72,2.07,88.07,2.77
2018,181,28.28,30.83,26.11,0.5,89.6,2.98
2018,182,28.21,30.4,26.42,20.36,91.77,3.08
2018,183,28.56,31.39,26.6,16.65,91.25,3.41
2018,184,27.66,29.53,26.56,65.41,93.54,3.59
2018,185,27.84,29.46,26.35,21.56,93.09,3.47
2018,186,28.89,31.94,26.3,3.89,87.75,2.13
2018,187,29.17,32.37,26.62,4.5,87.64,2.02
2018,188,29.26,32.68,26.55,0.44,87.73,2.32
2018,189,28.85,31.51,26.74,2.29,90.04,3.68
2018,190,28.97,32.23,26.62,7.88,89.31,3.18
2018,191,28.61,30.32,26.66,20.18,91.41,2.81
2018,192,28.74,31.42,26.56,1.51,89.65,2.34
2018,193,28.56,30.35,26.79,5.73,91.82,2.65
2018,194,28.87,31.72,26.97,1.56,90.04,2.31
2018,195,28.94,31.6,26.65,1.87,88.86,1.96
2018,196,29.15,32.05,26.71,1.62,89.81,3.23
2018,197,28.89,32.56,26.93,6.69,89.61,3.87
2018,198,29.13,32.2,26.74,9.81,88.61,3.56
2018,199,29.59,32.92,26.67,3.81,87.03,2.37
2018,200,30.66,34.12,27.15,0.91,82.85,1.06
2018,201,30.35,33.54,27.27,3.15,87.19,1.92
2018,202,28.56,31.3,26.83,16.9,91.4,4.63
2018,203,28.34,31.35,26.69,18.88,90.57,5.14
2018,204,28.25,30.71,26.16,42.17,90.48,3
2018,205,28.24,30.68,26.53,59.27,91.17,1.81
2018,206,28.15,30.67,26.33,68.95,92.08,2.27
2018,207,28.16,30.83,25.74,40.06,90.72,2.48
2018,208,28.42,31.18,26.03,33.62,89.84,3.06
2018,209,28.26,31.04,26.01,23.99,90.43,2.62
2018,210,28.11,30.08,26.19,22.71,92.9,2.69
2018,211,28.26,30.65,26.29,15.1,90.27,2.28
2018,212,27.56,30.07,25.9,9.35,91.37,2.59
2018,213,28.35,31.88,25.76,23.87,89.76,2.05
2018,214,27.16,29.28,25.74,7.23,92.23,3.6
2018,215,27.95,30.88,25.97,19.1,91.86,2.88
2018,216,28.62,31.73,26.28,5.27,89.3,2.1
2018,217,28.72,31.77,26.24,10.02,89.5,1.99
2018,218,28.32,30.14,26.58,13.32,88.03,2.12
2018,219,27.98,30.24,26.06,4.28,90.57,2.22
2018,220,27.55,29.86,25.61,1.01,92.22,2.41
2018,221,28.53,31.61,25.93,0.7,88.82,2.16
2018,222,28.98,31.99,26.16,1.39,87.01,1.58
2018,223,28.76,31.52,26.78,3.17,89.44,2.3
2018,224,28.37,30.73,26.72,4.47,90.12,1.96
2018,225,28.99,32.11,26.37,1.34,88.1,2.09
2018,226,28.39,30.01,26.68,2.62,91.65,1.89
2018,227,28.16,30.62,26.86,14.77,92.32,2.99
2018,228,28.74,31.65,26.69,8.67,89.56,2.54
2018,229,28.34,29.94,26.32,5.36,88.97,1.54
2018,230,28.99,31.38,26.4,5.76,87.22,1.07
2018,231,29.28,33.04,26.99,7.28,88.07,2
2018,232,28.82,32.07,26.57,13.97,90.32,2.92
2018,233,28.75,31.92,26.34,9.46,89.85,2.38
2018,234,29.05,32.13,26.59,4.51,89.1,2.3
2018,235,28.59,30.88,27.08,10.18,90.84,2.21
2018,236,28.24,30.36,26.74,7.72,91.96,2.17
2018,237,28.7,31.65,26.16,14.76,89.9,2.14
2018,238,28.36,31.39,26.49,3.31,88.58,2.19
2018,239,27.85,29.99,26.29,2.15,92.49,2.13
2018,240,28.29,31.27,26.04,4.39,91.35,2.94
2018,241,28.5,31.8,25.93,6.62,89.05,2.51
2018,242,28.66,31.73,26.06,3.9,89.13,2.4
2018,243,28.88,32.23,26.22,4.08,88.64,2.25
2018,244,28.26,30.39,26.51,9.58,91.36,2.49
2018,245,28.22,30.97,25.87,15.15,89.36,3.01
2018,246,28.25,30.97,26.08,12.57,89.57,2.25
2018,247,28.87,32.25,25.54,6.25,84.65,1.18
2018,248,28.11,31.33,25.99,7.05,89.36,1.86
2018,249,27.53,30.88,24.94,4.93,89.21,4.44
2018,250,27.99,31.6,25.5,1.27,88.39,3.45
2018,251,28.42,32.08,25.19,0.46,86.68,2.12
2018,252,27.67,30.19,25.72,0.35,89.41,2.08
2018,253,27.89,30.93,25.34,4.42,88.41,2.27
2018,254,28.09,31.26,25.82,5.68,89.84,2.44
2018,255,27.85,30.54,26.04,12.61,91.38,2.21
2018,256,27.98,30.88,25.83,70.46,90.44,2.06
2018,257,27.87,30.19,25.98,31.6,90.93,1.71
2018,258,28.67,31.62,26.08,0.83,84.4,0.72
2018,259,28.26,31.76,25.45,0.06,85.84,1.23
2018,260,28.9,32.43,25.32,0.02,84.35,1.32
2018,261,28.86,31.96,25.76,0,84.88,1.4
2018,262,28.88,32.06,26.03,0.66,86.16,1.24
2018,263,27.81,30.01,26.28,19.37,90.31,1.52
2018,264,27.48,30.7,25.66,3.24,91.52,2.63
2018,265,27.98,31.2,25.53,0.3,82.65,0.72
2018,266,28.23,31.6,24.99,0.16,83.68,1.18
2018,267,27.9,30.97,25.23,0.05,86.55,1.66
2018,268,27.67,30.28,25.68,0.91,87.6,2.13
2018,269,27.3,29.9,25.65,1.06,88.51,1.41
2018,270,27.65,30.85,24.77,4.29,86.61,0.99
2018,271,28.41,31.4,25.48,4.28,83.73,0.87
2018,272,28.93,32.51,25.25,1.58,81.46,0.93
2018,273,28.81,32.67,25.24,0.09,79.56,1.22
2018,274,28.63,32.84,24.6,0.03,73.96,1.02
2018,275,27.91,32.35,23.37,0,76.69,1.38
2018,276,27.94,31.62,23.57,1.22,78.26,1.08
2018,277,28.51,32.66,24.05,4.51,73.22,0.7
2018,278,27.83,31.68,23.92,3.32,77.55,0.84
2018,279,28.06,31.41,24.68,1.41,74.76,0.95
2018,280,27.9,31.33,23.76,0.82,71.62,0.89
2018,281,28.25,31.74,24.49,0,68.72,0.62
2018,282,26.97,31.1,23.87,0,75.73,1.03
2018,283,25.65,29.07,23.48,3.97,87.58,1.65
2018,284,24.3,25.73,23.34,19.52,93.71,3.11
2018,285,25.32,28.38,22.84,1.55,91.55,2.2
2018,286,24.39,25.68,23.37,6.58,93.58,2.12
2018,287,25.18,28.87,22.3,10.61,85.52,1.93
2018,288,25.77,30.29,21.3,0.72,77.73,1.24
2018,289,25.55,29.74,20.95,0,72.34,0.85
2018,290,25.59,29.63,20.52,0,68.97,0.69
2018,291,25.65,30.17,21.12,2.16,73.32,1.05
2018,292,26.29,30.6,21.65,5.91,76.12,0.87
2018,293,26.4,31.08,21.77,0,75.7,0.9
2018,294,26.02,30.65,21.55,0,75.24,1.08
2018,295,25.7,30.62,21.25,0,74.68,1.16
2018,296,25.53,30.2,21.28,0,78.13,1.3
2018,297,25.27,29.93,20.93,0.15,74,1.22
2018,298,24.54,29.89,20.19,0,68.56,1.37
2018,299,24.09,29.88,19.01,0,68.33,1.18
2018,300,24.72,29.51,20.03,0,67.18,1.06
2018,301,24.33,28.6,20.86,2.29,77.58,1.67
2018,302,23.64,27.23,21.04,0.58,85.18,1.53
2018,303,23.25,27.59,20.02,0.03,87.32,1.82
2018,304,24.03,28.51,20.39,0,85.99,1.65
2018,305,25.77,30.81,20.4,0,75.34,0.97
2018,306,26.41,30.44,22.1,0.01,70.23,0.52
2018,307,25.87,30.01,21.59,0.68,71.55,0.81
2018,308,24.81,29.84,20.54,1.47,80.13,1.63
2018,309,25.23,30.43,20.91,1.04,82.05,2.04
2018,310,24.96,29.41,21.71,9.86,81.92,1.77
2018,311,23.85,28.48,20.06,0.27,78.61,1.32
2018,312,22.5,28.55,17.77,0,73.41,1.47
2018,313,22.74,27.84,18.3,0,68.34,1.09
2018,314,22.55,27.76,18.08,0,67.78,0.99
2018,315,22.57,27.53,17.65,0,69.55,1.13
2018,316,23.09,28.06,17.86,0,74.52,1.12
2018,317,23.39,28.11,18.59,0,68.67,1.04
2018,318,23.86,28.66,18.49,0,64.74,0.58
2018,319,23.51,29.13,18.58,0,70.65,1.13
2018,320,23.38,29.4,17.45,0,70.76,1.33
2018,321,22.66,27.91,17.74,0,70.5,1.39
2018,322,21.28,27.54,16.36,0,72.34,1.22
2018,323,20.34,26.87,14.7,0,69.03,1.38
2018,324,21.53,26.99,17.54,0,64.87,0.84
2018,325,21.01,27.33,15.84,0,72.36,1.2
2018,326,21.5,27.46,16.54,0,75.14,1.26
2018,327,22.3,27.09,18.23,0,75.19,1.02
2018,328,22.6,27.59,18.39,0,71.11,0.97
2018,329,22.05,27.77,17.39,0,72.02,0.99
2018,330,21.51,27.36,15.32,0,73,1.11
2018,331,22.04,28.04,15.55,0,73.06,1.27
2018,332,21.68,27.99,15.62,0,74.22,1.05
2018,333,21.98,27.76,16.2,0,66.55,0.92
2018,334,21.04,26.68,15.55,0,65.62,1.09
2018,335,20.85,26.69,15.75,0,63.91,1.2
2018,336,21.53,27.01,16.86,0,65.41,1.27
2018,337,21.32,26.57,17.99,0,66.28,1.13
2018,338,20.75,26.78,16.24,0,69.14,1.33
2018,339,20.14,26.18,14.94,0,77.98,1.57
2018,340,20.45,26.55,15.91,0,72.2,1.48
2018,341,19.43,26.33,14.21,0,70.1,1.46
2018,342,18.17,25.53,12.44,0,68.56,1.88
2018,343,18.94,25.93,12.81,0,74.1,1.68
2018,344,20.35,26.86,14.67,0,66.17,1.22
2018,345,20.47,27.37,13.74,0,64.98,1.01
2018,346,20.29,26.93,14.56,0,68.77,1.07
2018,347,20.13,27.33,13.83,0,70.04,1.36
2018,348,20.46,26.67,15.77,0,68.53,1.62
2018,349,19.3,26.33,12.79,0,60.76,1.76
2018,350,20.51,26.52,15.06,0.01,64.76,1.06
2018,351,19.74,23.82,16.9,5.07,76.01,1.53
2018,352,18.88,21.65,16.31,20.89,90.34,3.02
2018,353,17.72,23.85,13.58,0.16,76.25,2.52
2018,354,16.8,23.49,11.03,0,78.42,1.59
2018,355,17.39,23.71,11.8,0,77.03,1.52
2018,356,17.41,23.83,11.82,0,72.01,1.55
2018,357,18.11,24.69,11.43,0,72.71,1.49
2018,358,18.3,25.05,12.38,0,73.95,1.34
2018,359,17.37,23.75,11.56,0,61.89,1.44
2018,360,15.97,22.79,10.21,0,58.36,1.36
2018,361,15.39,22.6,8.95,0,58.07,1.69
2018,362,14.84,22.93,8.64,0,55.13,1.86
2018,363,13.71,22.15,7,0,60.93,1.6
2018,364,15.57,24.6,8.19,0,66.2,1.79
2018,365,17.17,26.16,10.16,0,69.4,1.35
2019,1,18.18,25.96,11.91,0,64.38,1.1
2019,2,17.86,25.18,12,0,64.15,1.27
2019,3,17.77,25.44,13.26,0,59.95,1.37
2019,4,15.63,23.6,9.27,0,61.36,1.58
2019,5,17.2,25.14,9.25,0,63.25,1.26
2019,6,19.11,26.2,12.61,0,56.22,0.85
2019,7,19.77,26.84,12.91,0,53.05,0.94
2019,8,18.94,26.49,12.34,0,59.3,1.72
2019,9,18.79,25.72,13.51,0,60.87,1.31
2019,10,17.6,24.58,12.46,0,58.53,1.44
2019,11,17.29,24.46,10.95,0,56.14,1.14
2019,12,18.27,25.38,11.86,0,59.56,1.11
2019,13,19.18,26.49,12.96,0,60.44,1.18
2019,14,18.28,25.73,12.42,0,62.73,1.35
2019,15,17.41,25.01,11.45,0,56.84,1.85
2019,16,17.19,25.04,9.72,0,53.72,1.7
2019,17,18.31,26.35,12.52,0,52.35,1.13
2019,18,18.59,25.86,13.1,0,52.7,1
2019,19,17.23,24.96,11.15,0,55.41,1.48
2019,20,17.81,25.4,11.85,0,58.48,1.32
2019,21,19.85,26.77,13.16,0,55.42,1.15
2019,22,21.19,27.92,13.85,0,51.84,0.82
2019,23,21.09,28.12,13.31,0,51.8,0.96
2019,24,20.83,28.71,14.11,0,56.06,1.52
2019,25,21.18,28.67,13.89,0,56.72,1.37
2019,26,21.35,29.83,14.22,0,59.78,1.53
2019,27,20.91,27.99,14.73,0,63.6,1.95
2019,28,21.07,27.94,15.31,0,60.59,2.2
2019,29,19.04,25.85,13.39,0,50.6,3.06
2019,30,16.67,24.65,9.14,0,46.88,1.58
2019,31,18.88,27.01,10.2,0,48.43,1.19
2019,32,20.13,28.33,11.87,0,50.94,1.24
2019,33,21.01,27.79,15.09,0,47.46,1.04
2019,34,21.06,28.37,14.78,0,43.87,1.09
2019,35,20.57,27.97,14.52,0,42.34,1.57
2019,36,20.52,28.15,13.34,0,40.1,1.34
2019,37,20.89,27.5,14.36,0,36.6,0.83
2019,38,21.19,29.47,13.22,0,46.47,1.27
2019,39,22.48,29.85,15.46,0.01,52,1.13
2019,40,21.58,28.06,16.97,1.57,69.19,2.97
2019,41,19.1,26.62,13.91,0.01,54.87,2.34
2019,42,18.37,26.82,10.6,0,45.55,1.75
2019,43,20.04,28.28,12.3,0,53.42,1.75
2019,44,21.4,29.24,14.27,0,49.09,1.69
2019,45,23.2,31.08,15,0,42.51,1.59
2019,46,23.8,31.65,16.82,0,41.71,1.58
2019,47,22.49,29.1,17.61,1.21,51.7,2.11
2019,48,20.59,27.05,15.96,6.4,62.08,1.98
2019,49,20.68,27.1,14.91,0,43.92,1.22
2019,50,22.25,30.41,14.75,0,50.12,1.36
2019,51,23.07,31.96,15.9,0,58.99,2.14
2019,52,23.36,31.77,16.17,0,53.49,1.78
2019,53,24.33,31.82,16.95,0,45.01,1.3
2019,54,25.88,33.38,18.51,0,55.52,1.69
2019,55,25.71,32.89,18.65,0,41.18,1.38
2019,56,24.06,29.74,19.24,8.34,51.68,1.32
2019,57,21.88,27.16,17.1,20.78,78.12,1.33
2019,58,22.56,28.45,18.29,20.96,80.05,1.62
2019,59,22.49,28.21,18.63,16.78,77,2.23
2019,60,20.08,27.22,14.03,0.06,55.17,1.91
2019,61,19.89,27.94,11.31,0,40.08,1.6
2019,62,21.32,28.9,14.46,0,43.19,1.8
2019,63,21.33,26.45,16.83,0.12,66.07,1.56
2019,64,22.92,29.18,19.14,8.2,83.5,1.85
2019,65,23.89,29.49,17.44,0.04,66.76,1.18
2019,66,24.81,30.01,18.52,0,47.73,0.91
2019,67,22.97,30.01,16.27,0,44.43,1.83
2019,68,22.58,30.63,14.91,0,47.27,1.62
2019,69,23.78,31.63,15.57,0,63.06,1.98
2019,70,26.14,32.09,19.12,0,62.83,1.36
2019,71,26.46,34.78,19.09,0,48.11,1.96
2019,72,27.08,35.27,18.56,0,54.08,1.65
2019,73,27.88,35.27,20.86,0,43.63,1.16
2019,74,27.47,34.83,20.93,0.11,54.28,1.88
2019,75,27.95,35.77,21.1,0.06,54.5,2.38
2019,76,28.54,35.78,20.77,3.18,48.66,1.26
2019,77,25.3,30.38,20.77,3.08,49.17,1.75
2019,78,25.67,33.44,18.46,0.46,58.58,2.4
2019,79,25.87,33.91,18.15,0.27,58.65,2.16
2019,80,26.36,35.37,17.54,1.58,60.79,2.45
2019,81,27.88,35.78,20.97,3.22,66.84,2.63
2019,82,27.69,35.59,21.74,1.17,56.97,2.35
2019,83,26.66,35.54,18.17,0,39.95,1.36
2019,84,27.04,36.03,19.2,0,39.21,1.5
2019,85,27.7,36.4,19.08,0,50.34,2
2019,86,26.59,33.01,20.25,2.21,51.34,2.03
2019,87,27.66,34.37,20.8,0,53.41,1.51
2019,88,28.22,35.43,20.55,0,56.58,1.87
2019,89,28.73,35.26,22.43,0,61.57,2.28
2019,90,29.58,36.99,22.91,2.92,64.3,3.27
2019,91,27.83,32.62,24.57,22.39,76.24,3.44
2019,92,28.2,34.79,23.07,3.79,68.35,2
2019,93,27.62,34.62,21.09,1.59,69.39,2.3
2019,94,28.74,35.2,22.75,0.4,69.48,2.4
2019,95,29.12,35.53,23.3,0.36,66.94,2.25
2019,96,28.33,33.74,24.57,4.49,69.73,2.36
2019,97,27.73,33.46,23.13,4.74,65.63,1.63
2019,98,28.5,35.14,22.64,1.83,64.21,2.13
2019,99,28.14,34.32,23.5,9.03,70.2,2.5
2019,100,28.02,33.52,23.04,10.82,71.33,1.89
2019,101,29.21,34.79,23.26,0.1,67.01,1.7
2019,102,29.6,34.86,24.27,0.8,66.15,1.32
2019,103,30.35,36.71,24.04,2.44,62.7,1.21
2019,104,30.73,38.51,23.95,0.21,60.85,2.19
2019,105,31.26,38.53,24.72,0.65,62.88,2.43
2019,106,31.39,38.63,25.35,3.89,64.61,2.06
2019,107,30.95,37.67,25.45,7.3,63.34,1.64
2019,108,30.63,37.25,23.32,0,47.17,2.03
2019,109,30.89,37.75,23.73,0.06,47.6,1.68
2019,110,30.93,37.26,24.64,0,42.34,1.31
2019,111,31.5,38.41,25.2,0.94,47.67,1.21
2019,112,30.04,35.86,25.98,1.11,54.42,1.27
2019,113,30.53,37.23,23.54,0.08,50.04,0.91
2019,114,31.67,38.17,24.8,1.03,50.71,1.03
2019,115,32.5,39.4,25.44,0.04,50.61,1.43
2019,116,32.58,39.71,25.57,0.4,48.17,2.4
2019,117,32.85,39.85,26.79,2.23,57.98,2.8
2019,118,33.33,41.8,26.84,1.51,56.87,3.57
2019,119,33.07,41.96,26.3,3.39,57.85,3.38
2019,120,32.68,40.36,26.15,2.77,59.77,3.76
2019,121,32.27,39.17,26.86,2.12,60.5,4.34
2019,122,31.91,37.99,26.65,2.83,61.37,3.28
2019,123,29.17,32.06,26.71,14.11,77.02,3.76
2019,124,27.5,30.66,24.28,75.43,87.49,5.9
2019,125,29.23,36.24,22.64,0.06,69.54,2.82
2019,126,30.81,38.19,25.09,0.65,66.26,2.83
2019,127,31.23,39,24.74,0,66.6,2.61
2019,128,31.54,40.02,24.59,0.02,65.24,2.78
2019,129,31.9,39.24,25.9,0.57,68.67,3.31
2019,130,32.35,39.85,26.58,1.54,68.2,2.65
2019,131,31.95,38.84,26.71,3.17,70.3,3.24
2019,132,31.32,36.92,27.27,1.35,69.68,2.87
2019,133,31.49,37.92,26.71,2.21,67.91,3.31
2019,134,30.24,34.73,26.03,22.3,73.27,1.9
2019,135,30.96,36.49,25.73,4.48,67.98,2.15
2019,136,31.41,36.83,26.35,1.95,66.03,1.37
2019,137,31.14,37.03,26,10.5,69.8,3.04
2019,138,31.26,37.61,26.75,8.15,72.35,2.92
2019,139,30.31,34.61,26.87,10.84,76.97,2.01
2019,140,30.75,35.03,26.99,2.37,72.88,2.37
2019,141,30.83,35.74,26.64,2.8,73.15,2.35
2019,142,30.68,36.16,26.35,8.64,74.31,2.94
2019,143,29.08,32.27,26.4,45.89,84.36,2.52
2019,144,29.18,32.47,26.58,40.88,87.79,2.79
2019,145,28.5,31.4,26.29,54.66,88.47,3.17
2019,146,29.29,33.32,26.15,15.33,84.83,2.7
2019,147,29.81,33.91,26.24,3.48,84.35,2.69
2019,148,29.78,33.59,26.48,8.61,84.12,2.18
2019,149,30.12,34.16,26.49,7.86,81.94,1.78
2019,150,29.76,34.06,26.06,2.16,82.13,3.16
2019,151,29.97,34.22,26.27,18.75,82.06,2.45
2019,152,29.14,32.39,26.47,67.22,85.62,2.19
2019,153,28.89,32.09,26.35,59.77,86.78,2
2019,154,28.26,31.02,25.69,48.16,86.61,1.46
2019,155,28.68,31.79,26.09,50.62,88.54,2.56
2019,156,27.97,30.29,26.17,45.85,92.19,3.08
2019,157,27.73,30.14,25.74,30.49,92.79,2.9
2019,158,27.66,30.04,25.96,4.11,90.88,2.69
2019,159,27.94,30.81,25.84,7.02,89.54,2.06
2019,160,28.81,31.77,26.18,2.46,88.33,1.67
2019,161,29.42,33.06,26.37,2.77,87.15,2.11
2019,162,29.11,32.32,26,0.03,87.38,2.22
2019,163,30.32,34.27,26.21,0.01,83.37,1.27
2019,164,30.74,34.08,27.85,0.37,83.5,0.96
2019,165,29.57,31.92,27.64,15.85,89.63,1.89
2019,166,29.3,31.54,27.43,21.54,92.53,2.81
2019,167,29.18,31.81,27.3,19.69,91.2,3.68
2019,168,29.52,32.67,27.37,19.26,91,3.23
2019,169,29.48,32.27,27.27,11.57,87.04,1.86
2019,170,30.03,33.45,26.77,0.37,85.66,1.36
2019,171,28.63,31.32,27.04,6.97,86.66,2.16
2019,172,29,32.64,25.86,5.66,86.6,2.57
2019,173,29.13,32.08,26.68,16.37,89.76,3.2
2019,174,29.76,33.18,26.13,0.55,84.84,1.82
2019,175,29.81,32.71,27.52,1.37,85.75,2.03
2019,176,29.86,33.19,27.41,0.35,86.65,3.05
2019,177,29.49,32.42,27.16,4.83,88.8,4.06
2019,178,29,31.3,27.17,41.87,91.24,3.73
2019,179,28.93,31.17,27.23,11.26,93.01,3.18
2019,180,29.25,31.78,27.35,15.78,90.51,2.25
2019,181,29.29,31.53,27.05,4.39,87.58,1.58
2019,182,28.96,31.43,26.89,6.51,88.46,2.75
2019,183,29.35,32.3,26.93,2.95,88.2,4.5
2019,184,29.33,32.35,26.85,3.4,87.32,2.97
2019,185,29.63,32.71,26.89,13.3,86.71,2.13
2019,186,29.05,32.04,27.04,14.79,90.37,2.95
2019,187,28.94,31.7,27.08,7.6,90.39,4.11
2019,188,28.95,31.79,26.49,10.67,89.6,3.34
2019,189,29.05,32.24,26.94,23.39,89.84,3.72
2019,190,28.52,31.11,27.01,57.66,92.57,3.81
2019,191,28.63,30.66,26.94,39.36,92.95,3.62
2019,192,28.03,29.75,26.76,58.5,94.37,3.49
2019,193,27.91,29.58,26.48,23.86,94.51,3.62
2019,194,28.29,30.7,26.4,78.66,93.55,3.29
2019,195,28.13,30.15,26.35,35.83,93.52,3.07
2019,196,28.69,30.74,26.84,51.17,93.79,3.35
2019,197,28.9,31.4,26.82,8.35,91.72,2.54
2019,198,29.7,32.46,26.91,8.37,86.29,1.55
2019,199,28.72,31.19,26.32,1.58,88.1,1.5
2019,200,28.38,30.98,25.89,3.95,89.6,2.2
2019,201,29.21,32.56,26.28,2.86,87.11,2.01
2019,202,29.11,31.85,26.64,1.92,88.41,2.39
2019,203,28.44,30.9,26.9,18.78,90.98,2.81
2019,204,27.94,29.84,26.32,12.09,89.71,3.18
2019,205,28.35,31.15,26.27,14.11,91.11,2.59
2019,206,28.68,31.29,26.31,23.37,87.76,1.59
2019,207,27.99,30.01,26.5,26.88,91.84,3.29
2019,208,28.43,31.83,26.33,30.11,90.67,3.84
2019,209,28.29,31.35,26.07,9.2,89.93,4.14
2019,210,27.99,31.02,25.85,10.34,91.11,4.44
2019,211,27.74,30.14,25.74,9.85,91.85,2.8
2019,212,28.34,31.36,25.77,11.73,90.3,2.53
2019,213,28.62,31.62,26.05,3.83,89.13,2.63
2019,214,28.27,30.44,25.97,2.74,90.23,2.48
2019,215,28.12,30.09,25.96,7.15,90.65,2.51
2019,216,29.41,32.82,26.06,5.38,87.5,1.78
2019,217,29.91,32.54,27.36,4.02,83.34,1.23
2019,218,29.22,30.69,27.75,14.4,90.45,2.09
2019,219,28.15,31.3,26.26,22.98,91.4,5.27
2019,220,28.06,30.66,25.9,46.46,91.52,4.67
2019,221,28.9,32,26.1,16.59,88.64,2.25
2019,222,29.64,32.92,26.52,15.63,85.61,1.44
2019,223,29.68,31.7,27,2.43,84.48,0.94
2019,224,28.82,30.7,27.11,13.24,91.9,2.27
2019,225,27.64,29.24,26.61,30.4,93.59,4.36
2019,226,27.73,29.32,26.38,54.01,93.88,3.45
2019,227,28.22,30.79,26.27,47.75,92.43,2.76
2019,228,28.13,30.32,26.38,12.92,92.64,2.52
2019,229,28.09,30.12,26.51,21.96,91.61,1.71
2019,230,27.68,30.03,25.91,5.12,91.46,3.72
2019,231,28.57,31.91,25.42,0.98,88.11,2.29
2019,232,28.85,32.32,25.59,0.38,86.94,1.94
2019,233,29.33,32.78,26.42,0.61,85.11,1.49
2019,234,28.94,32.56,26.68,8.11,86.47,1.15
2019,235,28.19,31.32,26.27,5.85,90.51,2.33
2019,236,27.44,29.89,26.03,10.27,93.54,2.87
2019,237,28.35,31.75,25.61,7.85,88.51,2.34
2019,238,28.24,31.3,26.28,6.87,90,2.49
2019,239,28.59,32.27,25.35,0.87,88.45,2.42
2019,240,28.17,30.5,26.04,0.44,91.13,2.06
2019,241,28.62,32.35,25.93,1.37,87.38,1.58
2019,242,29.25,32.4,26.35,1.61,84.17,1.17
2019,243,29.27,32.12,26.49,3.3,84.89,0.75
2019,244,29.54,32.76,26.98,16.73,86.09,0.82
2019,245,28.7,30.83,27.08,6.15,89.86,1.74
2019,246,28.69,31.87,26.22,9.86,90.28,2.58
2019,247,28.23,30.55,26.65,4.83,92.48,2.49
2019,248,28.45,31.15,26.34,4.63,90.57,2.79
2019,249,28.45,31.18,26.43,3.13,90.19,2.87
2019,250,27.98,30.16,25.96,5.72,91.78,3.25
2019,251,28.78,31.99,26.5,7.32,89.96,3.21
2019,252,29.14,32.76,26.27,5.7,88.92,2.55
2019,253,28.86,31.23,27.03,11.49,89.44,2.2
2019,254,28.92,31.78,27.03,5.77,90.24,2.35
2019,255,27.65,29.31,26.35,20.47,93.91,2.96
2019,256,27.86,30.41,26.15,25.25,91.16,3.13
2019,257,28.14,31.1,25.67,9.69,89.82,2.31
2019,258,28.74,31.97,26.02,1.69,88.35,2.13
2019,259,28.22,30.64,26.49,3.38,89.81,2.05
2019,260,28.46,31.3,25.84,8.04,86.51,1.18
2019,261,29.42,32.77,25.32,8.67,79.05,0.95
2019,262,29.8,33.61,26,4.04,76.57,0.63
2019,263,29.05,32.03,26.18,7.87,82.25,0.89
2019,264,29.49,32.4,26.64,2.23,79.28,0.65
2019,265,29.06,31.99,26.84,21.57,82.09,0.87
2019,266,27.68,30.75,25.26,14.76,87.49,1.36
2019,267,26.65,28.4,25.42,20.97,93.15,1.89
2019,268,25.94,27.83,24.68,18.65,92.02,1.98
2019,269,26.52,29.46,23.67,28.28,85.59,0.86
2019,270,27.07,29.93,24.13,6.5,83.25,0.62
2019,271,26.03,27.98,24.1,5.26,86.77,0.73
2019,272,25.36,27.89,23.29,21.69,87.83,1.04
2019,273,25.64,28.16,23.26,22.16,90.81,1.4
2019,274,26.6,29.96,24.63,14.85,91.72,2.29
2019,275,27.53,30.84,24.01,8.28,84.26,1.07
2019,276,27.62,30.82,24.39,7.66,86.37,1.09
2019,277,27.32,29.62,25.06,3.76,88.31,1.33
2019,278,27.4,30.06,24.47,4.75,86.12,1.11
2019,279,27.58,30.42,25.2,6.59,86.16,0.87
2019,280,26.99,29.18,24.79,6.07,88.29,0.98
2019,281,26.62,28.98,25.05,8.22,88.6,0.92
2019,282,25.72,28.49,24.05,16.84,90.3,1.41
2019,283,25.86,29.06,22.81,24.01,89.24,1.37
2019,284,27.09,30.26,24.05,7.01,83.75,0.65
2019,285,27.22,30.08,23.98,0.9,78.42,1.04
2019,286,25.99,29.92,22.45,0,81.67,1.39
2019,287,25.77,30.09,21.74,0,84.29,1.62
2019,288,27.05,31.1,22.42,0.04,80.94,0.92
2019,289,27.85,31.1,24.75,2.97,80.24,0.61
2019,290,28,31.34,24.63,5.14,80.42,0.62
2019,291,27.42,31,24.07,0.13,83.01,1.29
2019,292,26.44,30.2,23.24,0,84.52,1.67
2019,293,26.06,29.9,23.07,0,85.96,1.64
2019,294,25.98,29.85,22.48,1.31,87.46,1.55
2019,295,25.93,29.4,23.22,1.81,86.86,1.46
2019,296,24.98,28.75,22.04,3.83,83.77,1.37
2019,297,21.7,22.76,20.66,58.89,91.04,1.81
2019,298,23.18,26,20.52,45.79,93.55,2.71
2019,299,25.59,28.3,23.5,84.43,92.62,1.5
2019,300,24.69,28.15,22.04,7.34,90.22,1.57
2019,301,23.23,27.06,20.63,0.18,87.88,1.89
2019,302,23.35,27.71,19.02,0,87.61,1.36
2019,303,24.63,28.98,20.58,0,85.96,1.2
2019,304,24.71,28.64,20.71,0,85.19,1.33
2019,305,24.95,28.82,21.96,0,87.04,1.5
2019,306,24.9,29.54,20.83,0,87.07,1.44
2019,307,25.09,29.09,21.7,0,85.85,1.2
2019,308,25.24,28.75,21.87,0,84.73,1.24
2019,309,25.25,29.1,21.59,0,81.82,1.07
2019,310,24.16,28.53,20.77,0,82.45,1.33
2019,311,23.79,29.57,18.3,0,74.82,1.3
2019,312,23.73,27.5,20.02,2.72,88.88,1.24
2019,313,23.15,24.62,21.94,33.26,94.57,3.71
2019,314,23,25.36,21.66,26.92,93.68,4.15
2019,315,23.51,27.37,20.31,5.24,88.08,2.3
2019,316,23.61,27.92,19.89,0.56,84.19,1.19
2019,317,22.77,27.31,18.6,0,84.27,1.38
2019,318,24.25,28.7,19.22,0,80.09,0.77
2019,319,24.36,28.34,20.24,0,79.11,0.93
2019,320,23.82,27.98,19.06,0,82.19,1.15
2019,321,23.32,27.3,19.46,0,82.8,1.14
2019,322,23.14,27.11,18.99,0,76.98,0.72
2019,323,22.65,27.08,18.86,0,77.89,1
2019,324,21.13,25.66,17.74,0,79.5,1.31
2019,325,21.78,26.64,16.22,0,77.87,1.08
2019,326,22.4,26.02,17.76,0,80.32,0.89
2019,327,22.59,26.31,18.87,0,80.63,1.03
2019,328,22.23,26.02,17.42,0,80.09,0.94
2019,329,22.35,26.24,17.69,0,83.11,0.98
2019,330,22.76,27.62,18.61,0,82.35,0.83
2019,331,22.23,26.87,17.24,0,81.4,0.97
2019,332,23.18,28.41,17.55,0,78.53,0.77
2019,333,22.79,27.68,18.1,0,82.7,0.97
2019,334,22.08,26.69,17.76,0,84.59,1.19
2019,335,20.55,25.39,16.27,0,84.31,1.53
2019,336,19.64,24.97,16.19,0,81.3,1.31
2019,337,18.78,24.16,13.9,0,83.69,1.44
2019,338,18.91,24.64,14.04,0,85.67,1.75
2019,339,20.32,26.86,14.42,0,81.53,1.12
2019,340,20.78,27.13,15.61,0,82.96,1.37
2019,341,20.58,25.57,15.18,0,77.23,1.2
2019,342,20.97,25.92,17.48,0,75.74,0.95
2019,343,20.43,25.02,17.55,0,80.57,1.01
2019,344,19.5,24.08,15.17,0,82.26,1.26
2019,345,19.46,24.37,14.53,0,78.22,1.04
2019,346,19.11,23.83,15.2,0,80.47,1.37
2019,347,19.33,24.39,14.67,0,76.54,0.94
2019,348,19.65,25.58,14.24,0,78.52,1.08
2019,349,19.59,24.63,15.07,0.01,84.76,1.53
2019,350,19.06,23.9,15.7,0,84.14,1.44
2019,351,18.09,23.42,13.96,0,86.46,1.55
2019,352,15.84,21.32,11.79,0,86.43,2.2
2019,353,13.78,19.37,9.35,0,88.44,2.03
2019,354,14.37,20.08,8.83,0,81.49,1.38
2019,355,14.29,19.17,10.05,0,84.78,1.22
2019,356,14.59,20.12,10.22,0,84.47,1.29
2019,357,15.4,21.43,10.99,0,85.61,1.69
2019,358,15.24,21.72,9.86,0,81.25,1.83
2019,359,15.02,21.09,9.56,0,82.21,1.37
2019,360,16.02,22.47,10.74,1.02,81.56,1.7
2019,361,13.87,17.8,10.71,13.19,86.95,1.94
2019,362,13.29,20.18,7.79,0.79,83.02,2.32
2019,363,14.32,22.01,7.99,0.1,84.01,2.16
2019,364,15.24,22.61,8.84,0,83.11,1.62
2019,365,17.94,24.05,11.19,0,76.25,0.89
2020,1,19.95,25.56,14.85,0,73.21,0.75
2020,2,19.87,25.95,14.47,0.01,79.26,1.19
2020,3,17.27,19.66,14.9,38.17,91.89,0.81
2020,4,17.98,22.98,14.05,2.65,85.16,1.05
2020,5,16.33,20.96,12.97,5.46,86.72,1.63
2020,6,14.39,20.11,9.18,0.16,81.76,1.77
2020,7,14.28,20.59,8.24,0.01,80.26,1.61
2020,8,15.51,21,10.21,0,77.2,1.14
2020,9,15.37,19.81,11.01,1.58,86.54,1.52
2020,10,16.33,21.56,12.3,0.39,85.3,1.68
2020,11,14.36,19.72,9.94,0.25,86.6,2.3
2020,12,14.22,20.83,9.14,0,83.66,2.27
2020,13,14.55,21.13,8.59,0,80.49,1.53
2020,14,15.93,21.92,9.56,0,79.07,1.11
2020,15,17.15,22.61,11.58,0,79.37,1.17
2020,16,18.27,24.68,11.83,0,74.3,1.05
2020,17,19.68,26.35,13.19,0,73.75,1
2020,18,19.96,26.64,15.14,0,75.45,1.11
2020,19,19.16,25.83,14.78,0.07,83.81,1.83
2020,20,16.26,21.02,12.6,0.01,80.65,2.15
2020,21,15.12,20.68,9.28,0,72.35,1.62
2020,22,15.36,21.23,8.9,0,70.12,1.4
2020,23,16.19,22.06,11.36,0,74.18,1.44
2020,24,15.16,21.02,10.81,0,72.4,1.28
2020,25,15.53,21.64,9.83,0,67.47,1.2
2020,26,15.36,21.03,10.51,0,68.86,1.49
2020,27,15.59,21.06,9.98,0,71.68,1.36
2020,28,16.79,22.98,10.17,0,73.4,1.28
2020,29,17.31,22.56,13.63,1.33,76.3,1.11
2020,30,17.52,22.84,12.64,0.81,83.72,1.13
2020,31,17.88,22.97,14.21,0.2,76.9,1.67
2020,32,16.79,22.96,10.95,0,69.84,1.34
2020,33,16.62,22.41,10.17,0,65.24,1.76
2020,34,15.22,21.1,9.87,0,64.51,1.4
2020,35,15.84,22.34,9.71,0,62.54,1.44
2020,36,16.75,22.37,11.6,0,63.63,1.53
2020,37,17.24,23.83,11.16,0,66.53,1.58
2020,38,17.29,23.92,11.45,0,62.4,1.36
2020,39,17.32,23.96,11.19,0.04,66.6,1.61
2020,40,17.57,24.77,13.28,0.02,68.52,2.34
2020,41,16.11,23.47,8.8,0.16,61.8,1.7
2020,42,16.86,23.77,10.11,0,62.14,1.79
2020,43,16.68,23.97,9.29,0,61.04,1.96
2020,44,17.4,24.4,9.83,0,57.64,1.5
2020,45,18.69,25.42,11.89,0,64.98,1.54
2020,46,19.48,26.42,12.97,0,75.13,1.47
2020,47,20.65,26.82,15.15,0,67.46,0.98
2020,48,20.83,26.95,15.24,0,60.73,1.1
2020,49,20.83,26.97,14.57,0,59.66,1.13
2020,50,21.14,27.5,15.05,0,59.49,1.15
2020,51,21.4,27.66,15.47,0,57.86,0.9
2020,52,21.1,28.74,14.51,0,65.78,1.45
2020,53,21.88,29.17,16.52,0,66.95,1.21
2020,54,23.1,29.15,17.83,0.02,65.37,1.2
2020,55,23.36,28.75,19.24,0.12,61.96,0.89
2020,56,21.14,24.64,17.75,1.45,70.69,1.14
2020,57,21.75,25.67,18.49,0.66,69.63,1.01
2020,58,21.29,26.79,16.95,0.34,70.55,0.97
2020,59,21.19,28.09,15.39,0,63.46,1.38
2020,60,22.13,29.3,15.37,0,60.53,1.35
2020,61,22.98,29.59,17.15,0,61.14,1.43
2020,62,23.92,29.94,18.08,0.65,56.4,1.07
2020,63,24.25,29.57,19.5,9.76,61.38,1.01
2020,64,23.45,28.17,18.48,20.03,71.02,0.97
2020,65,23.73,28.72,18.37,6.31,70.7,1.26
2020,66,23.56,28.1,18.26,13.9,72.55,1.24
2020,67,22.77,27.97,18.4,7.49,79.2,1.35
2020,68,24.22,29.1,20.17,1.93,73.12,1.07
2020,69,23.01,28.47,17.18,0,60.13,1.48
2020,70,23.32,28.99,18.51,0.05,50.93,1.17
2020,71,23.82,29.55,17.89,0,55.73,1.3
2020,72,25.3,31.81,18.08,0,60.29,1.17
2020,73,25.82,33.24,19.22,0,62.69,1.39
2020,74,24.82,32.25,19.77,0.03,64.92,2.48
2020,75,23.4,31.02,17.56,0.08,64.74,2.93
2020,76,24.49,31.74,18.04,0,63.28,2.04
2020,77,24.4,30.95,18.17,0,58.75,1.51
2020,78,25.06,31.56,19.35,0,53.33,1.5
2020,79,25.81,32.5,18.76,0,46.28,1.23
2020,80,25.14,31.68,18.55,0.45,50.6,1.22
2020,81,26.56,32.84,20.74,0.06,46.65,0.97
2020,82,25.3,29.89,21.15,14.61,60.69,0.89
2020,83,24.62,30.36,18.3,0.25,59.33,1.28
2020,84,25.9,31.46,20.16,0.64,53.53,0.84
2020,85,26.62,32.79,20.16,0.07,51.02,1.03
2020,86,27.71,34.29,20.62,0,50.55,1.28
2020,87,28.53,35.53,20.73,0,50.2,1.68
2020,88,29.24,36.67,21.81,0,52.29,1.94
2020,89,28.95,36.46,22.04,0,50.12,2.3
2020,90,28.58,36.08,20.42,0,39.64,1.98
2020,91,28.39,35.66,20.43,0,37.46,1.39
2020,92,29.29,36.39,21.73,0,38.52,1.49
2020,93,29.63,37.5,21.36,0.09,56.7,2.19
2020,94,29.64,36.48,23.51,3.37,60.66,1.75
2020,95,28.9,36.05,22.58,3.42,60.41,1.46
2020,96,28.91,36.35,22.32,1.8,60.1,1.46
2020,97,28.3,36.44,21.03,0.98,52.22,1.66
2020,98,28.84,37.57,20.83,1,52.93,2.62
2020,99,30.32,38.25,23.64,0.03,56.32,2.45
2020,100,29.58,37.08,22.58,0.06,58.62,1.94
2020,101,29.86,37.69,22.04,0,51.9,1.77
2020,102,29.94,36.83,24.06,4.93,56.13,2.04
2020,103,28.44,34.97,21.96,2,53.67,1.32
2020,104,28.78,35.47,22.28,10.49,57.05,1.34
2020,105,30.3,37.73,23.34,0.88,57.43,1.69
2020,106,29.24,34.87,24.2,27.06,67.23,1.52
2020,107,28.26,33.45,23.38,7.78,68.19,1.22
2020,108,29.26,36.16,23.71,13.92,69.96,2.21
2020,109,28.85,34.97,24.56,9.34,76,2.64
2020,110,29.19,35.06,24.6,7.41,73.21,2.73
2020,111,28.66,34.36,24.12,11.79,74.17,2.27
2020,112,26.59,32.34,22.53,16.44,78.57,1.69
2020,113,26.13,31.26,21.39,4.11,74.32,1.55
2020,114,27.17,32.18,22.48,9.66,74.56,1.55
2020,115,26.16,30.16,22.96,29.42,80.7,1.76
2020,116,26.46,31,22.55,12.6,79.84,1.18
2020,117,26.06,30.12,22.95,12.61,84.8,1.75
2020,118,25.47,28.75,23.07,11.37,83.91,1.67
2020,119,25.78,29.35,23.05,29.82,83.75,1.45
2020,120,25.83,29.56,22.61,11.58,83.32,1.59
2020,121,26.9,30.94,22.69,8.64,79.94,1.09
2020,122,27.15,30.44,23.07,16.8,79.48,1.06
2020,123,27.11,30.74,23.39,13.23,80.23,1.22
2020,124,26.98,30.76,23.61,14.79,82.84,1.27
2020,125,28.13,32.1,23.74,5.24,77.38,0.77
2020,126,29.05,32.91,24.58,5.95,78.62,1.55
2020,127,28.26,31.22,25.43,51.46,77.34,0.85
2020,128,27.92,31.84,22.95,9.6,74.56,0.96
2020,129,27.82,31.87,23.67,7.09,74.44,1.23
2020,130,28.46,32.65,23.63,21.94,77.43,1.07
2020,131,29.55,33.02,25,9.08,74.22,0.96
2020,132,29.57,32.79,26.37,5.16,72.81,0.73
2020,133,29.55,33.19,26.35,2.6,72.32,1.16
2020,134,28.46,32.79,24.79,0.39,80.86,2.4
2020,135,28.77,32.73,24.93,12.41,82.06,1.74
2020,136,28.84,32.63,25.28,17.6,82.97,1.68
2020,137,29.13,33.53,25.08,14.98,83.84,2.43
2020,138,29.37,33.92,25.15,29.53,81.81,1.74
2020,139,29.5,33.64,25.62,0.73,82.31,1.41
2020,140,27.96,31.26,24.91,5.07,80.23,1.54
2020,141,26.8,31.22,23.04,40.56,86.21,6.45
2020,142,26.91,29.25,25.66,80.32,87.86,7.8
2020,143,28.45,32.12,24.76,5.2,82,2.49
2020,144,29.22,33.5,25.37,0.88,84.3,2.55
2020,145,29.26,33.48,25.81,21.89,86.7,3.78
2020,146,29.29,33.45,26.53,15.62,86.89,4.71
2020,147,28.83,32.74,26.35,16.06,86.6,4.9
2020,148,28.27,31.73,25.95,63.98,89.68,3.75
2020,149,27.77,30.9,25.23,20.27,86.42,1.56
2020,150,28,31.09,25.03,19.51,85.69,1.38
2020,151,28.53,32.06,25.76,16,86.44,1.83
2020,152,28.62,31.39,25.65,6.47,84.14,0.96
2020,153,28.41,31.23,25.83,4.15,87.91,2.27
2020,154,28.3,30.95,25.91,7.41,89.48,2.75
2020,155,28.09,30.47,25.94,6.82,88.86,2.64
2020,156,28.51,32.12,26.08,27.29,88.51,2.26
2020,157,28.05,30.3,26.03,17.55,91.31,2.35
2020,158,28.08,30.05,26.63,14.03,91.49,2.62
2020,159,28.99,32.44,25.82,10.73,85.49,1.31
2020,160,28.6,31.27,26.29,16.39,87.88,1.6
2020,161,29.16,31.54,26.35,9.08,85.74,1.18
2020,162,28.47,30.38,26.6,17.21,90.32,1.56
2020,163,28.02,29.54,26.37,12.45,94.23,2.3
2020,164,28.35,31.14,26.3,5.79,91.59,3.08
2020,165,28.3,29.78,27.11,41.6,94.87,2.9
2020,166,28.4,30.21,26.77,8.82,93.49,2.7
2020,167,28.79,31.08,26.67,14.86,92.71,2.46
2020,168,28.68,31.4,26.9,15.77,89.7,2.72
2020,169,27.98,29.38,26.64,28.46,93.71,2.91
2020,170,28.3,30.58,26.23,14.47,92.29,3.47
2020,171,28.8,31.71,26.32,21.12,90.08,2.85
2020,172,28.77,30.92,26.84,21.63,90.78,2.55
2020,173,28.4,31.18,26.52,7.58,90.98,3.51
2020,174,28.37,30.8,26.07,3.26,90.02,3.57
2020,175,29.06,32.15,26.45,3.13,88.91,2.71
2020,176,29.2,32.2,26.54,4,88.46,2.37
2020,177,28.83,31.31,26.74,2.97,90.73,3.11
2020,178,28.37,30.16,26.86,8.48,93.07,3.39
2020,179,28.56,31.18,26.68,16.95,89.76,3.46
2020,180,28.19,30.72,26.45,7.1,90.18,3.06
2020,181,28.67,32.24,25.76,8.08,86.46,2.04
2020,182,29.26,32.4,26.31,4.62,86.92,1.85
2020,183,28.67,31.28,26.85,2.45,89.71,2.77
2020,184,28.67,30.8,26.76,4.11,91.34,2.44
2020,185,29.15,31.89,26.64,2.89,87.89,1.63
2020,186,29.03,32,27.04,13.62,89.04,2.02
2020,187,28.52,30.18,27.14,5.36,91.15,3.23
2020,188,28.79,31.08,27.19,7.06,91.34,3.7
2020,189,29.17,32.14,26.93,6.85,90.41,3.23
2020,190,29.01,31.74,27.19,4.5,89.55,2.21
2020,191,28.78,30.92,26.94,29.51,92.07,3.54
2020,192,28.98,31.32,27.22,17.56,91.24,4.05
2020,193,28.13,29.59,27.1,31.08,93.3,3.49
2020,194,28.37,30.75,26.6,27.63,91.39,3.2
2020,195,29.13,32.29,26.51,7.93,88.67,2.22
2020,196,28.29,31.07,26.41,18.18,90.73,3.1
2020,197,28.9,32.37,26.12,4.04,88.58,2.84
2020,198,28.98,32.12,26.33,2.35,87.39,2.47
2020,199,29.12,32.13,26.56,2.54,87.91,2.4
2020,200,28.48,30.59,26.85,6.4,91.49,2.58
2020,201,28.78,31.46,26.57,21.86,90.45,3.59
2020,202,27.95,29.43,26.84,38.08,94.11,3.64
2020,203,27.74,28.87,26.71,45.56,94.9,3.18
2020,204,27.59,29.96,25.86,34.24,92.05,2.26
2020,205,28.02,31.4,25.25,19.79,90.59,2.57
2020,206,28.07,30.52,26.28,7.84,91.58,2.47
2020,207,28.51,31.82,25.78,1.87,88.57,2.04
2020,208,29.43,32.56,26.38,1.6,86.44,1.67
2020,209,28.4,30.27,26.54,11.35,91.96,2.02
2020,210,28.58,31.31,26.13,19.38,89.2,1.74
2020,211,28.75,31.67,26.53,23.95,89.43,2.93
2020,212,28.68,31.19,26.47,2.17,89.2,2.03
2020,213,29.08,32.06,26.55,4.5,87.96,1.7
2020,214,29.77,33.02,27.02,5.2,86.65,0.98
2020,215,29.2,32.13,27.11,8.21,88.6,1.57
2020,216,30.88,33.98,27.51,8.05,80.53,0.63
2020,217,29.52,33.4,26.64,17.06,87.77,2.51
2020,218,28.72,32.25,26.66,11.71,90.13,4.22
2020,219,28.01,30.11,26.6,4.88,92.66,3.37
2020,220,29.02,32.09,27.21,8.14,89.25,2.84
2020,221,29.14,32.41,26.9,2.08,89.02,2.62
2020,222,28.66,31.48,26.74,2.73,90.91,2.68
2020,223,29.04,32.42,26.44,2.05,89.84,2.37
2020,224,28.98,31.29,26.84,13.02,90.6,2.18
2020,225,29.53,32.7,27.11,14.66,88.94,2.65
2020,226,29.27,32.33,27.07,4.29,88.37,2.6
2020,227,29.16,32.1,26.49,3.07,88.02,2.42
2020,228,28.01,31.73,25.9,13.68,90.24,3.79
2020,229,28,30,26.56,9.41,92.5,3.67
2020,230,28.32,31.38,26.23,14.58,90.79,3.35
2020,231,28.55,31.76,25.98,5.17,89.45,2.56
2020,232,27.86,30.28,26.26,5.43,91.35,3.91
2020,233,26.86,29.02,25.69,17.66,93.15,4.53
2020,234,27.03,29,25.81,12.6,92.81,3.66
2020,235,27.21,29.31,25.61,25.4,92.02,2.3
2020,236,28.13,31.55,25.39,8.63,88.74,1.62
2020,237,28.71,31.93,25.41,10.51,87.5,1.53
2020,238,28.05,30.55,26.12,5.91,91.98,2.13
2020,239,27.68,30.57,25.97,2.79,90.48,5.18
2020,240,27.68,30.2,25.96,11.29,91.61,3.39
2020,241,28.28,31.3,25.66,11.4,88.6,2.32
2020,242,28.71,31.92,25.91,5.72,87.93,2.15
2020,243,28.93,31.97,26.19,4.26,88.71,1.98
2020,244,28.75,31.42,26.3,10.82,89.07,1.17
2020,245,27.95,29.53,26.21,23.27,91.81,1.55
2020,246,28.26,31.61,25.36,21.46,88.02,1.88
2020,247,28.76,32.39,25.29,8.15,85.51,1.48
2020,248,29.29,32.54,25.74,8.23,85,1.22
2020,249,29.23,32.31,26.43,0.12,86.54,1.92
2020,250,28.73,31.37,26.33,2,89.9,2.42
2020,251,28.51,31.41,26.55,6.39,90.16,2.21
2020,252,28.36,31.09,26.2,10.42,89.01,1.96
2020,253,28.64,32.09,25.68,4.48,88.73,1.93
2020,254,28.5,31.39,26.87,18.01,88.88,2.07
2020,255,28.51,31.59,26.28,15.02,88.76,2.08
2020,256,28.45,30.94,26.35,12.2,89.88,1.68
2020,257,28.2,30.88,26.45,20.23,91.35,1.92
2020,258,28.28,31.1,26.07,5.01,89.73,1.86
2020,259,28.22,30.76,26.02,8.05,90.43,1.47
2020,260,28,30.35,26.46,2.11,91.7,2.33
2020,261,28.17,30.39,26.47,12.21,91.87,1.83
2020,262,29.28,32.77,26.05,1.83,84.06,0.74
2020,263,29.15,32.57,26.41,7.7,87.53,1.38
2020,264,29.42,31.73,27.36,2.74,89.16,1.22
2020,265,28.49,30.79,26.64,14.58,91.57,4.12
2020,266,28.06,29.8,26.64,16.91,93.83,2.99
2020,267,27.79,29.35,26.72,18.01,94.7,2.84
2020,268,27.56,28.96,26.35,13.99,94.64,2.79
2020,269,27.67,29.75,26.35,33.48,94.45,2.83
2020,270,27.5,29.07,26.21,39.18,94.83,3.31
2020,271,27.7,30.41,25.63,4.02,90.73,2.04
2020,272,28.29,31.35,25.56,1.03,87.83,1.24
2020,273,28.77,31.5,25.77,0.16,84.79,0.86
2020,274,28.58,31.1,26.24,1.03,85.74,0.86
2020,275,27.8,29.95,26.18,27.92,90.61,1.43
2020,276,27.66,29.62,25.71,28.92,90.77,1.09
2020,277,28.38,31.06,26.34,8.57,88.54,1.07
2020,278,27.96,30.29,25.79,7.92,89.81,1.21
2020,279,27.52,29.83,25.65,20.48,91.39,1.28
2020,280,26.92,29.08,25.24,53.6,90.85,1.75
2020,281,27.28,30.45,24.31,16.95,88.97,1.26
2020,282,28.61,31.75,24.92,22.96,83.92,0.91
2020,283,29.2,32.32,25.94,0.33,83.55,0.81
2020,284,29.37,32.15,26.44,0.06,82.9,0.95
2020,285,29.28,32.47,26.12,3.41,82.68,0.91
2020,286,29.29,32.58,25.82,7.55,80.06,0.69
2020,287,29.67,32.79,26.13,6.22,79.22,0.62
2020,288,29.61,32.69,26.95,4.29,80.24,0.54
2020,289,29.76,33.43,27.1,1,78.71,0.7
2020,290,29.59,32.81,26.78,2.08,79.35,0.85
2020,291,28.9,32.22,25.67,0.21,83.51,1.14
2020,292,28.78,31.97,26.21,0.23,82.82,0.76
2020,293,28.66,31.78,25.3,0.3,80.37,0.81
2020,294,27.91,31.48,24.46,1.62,82.42,1.18
2020,295,26.66,28.78,24.96,19.33,92.83,1.6
2020,296,25.5,27.07,24.11,55.2,95.28,2.56
2020,297,25.19,27.33,23.13,98.61,94.81,2.16
2020,298,25.86,28.85,23.84,3.1,91.86,2.62
2020,299,26.3,29.61,23.37,2.41,85.93,0.97
2020,300,26.69,30.42,23.01,1.45,83.31,0.83
2020,301,25.73,29.76,22.17,0,84.06,1.23
2020,302,25.82,30.01,21.71,0,85.86,1.33
2020,303,27.05,31.54,22.7,0.2,84.07,1.02
2020,304,27.55,31.32,23.76,0.61,87.15,1.51
2020,305,26.09,28.38,24.42,12.92,93.75,1.74
2020,306,25.52,27.99,23.52,14.49,88.91,1.48
2020,307,26.8,30.11,23.33,8.01,81.88,0.58
2020,308,27.01,30.23,24.21,1.92,81.73,0.66
2020,309,23.72,27.56,20.36,0.11,78.01,1.26
2020,310,23.13,29.63,18.41,0,65.72,1.07
2020,311,21.25,26.54,16.66,0,71.72,1.26
2020,312,21.54,27.4,15.76,0,79.22,1.51
2020,313,23.12,28.63,17.66,0,78.29,1.06
2020,314,24.34,29.35,19.19,0,77.61,0.82
2020,315,23.9,28.77,18.83,0,81.62,1.17
2020,316,23.66,29.49,18.65,0,80.24,1.21
2020,317,24.03,29.74,18.52,0,80.42,0.96
2020,318,24.23,29.55,19.8,0,85.86,1.4
2020,319,23.44,28.62,19.61,0,87.09,1.62
2020,320,23.09,28.36,18.38,0,85.09,1.31
2020,321,23.62,28.57,19.19,0,84.35,0.91
2020,322,23.46,27.65,19.5,0,84.2,1.4
2020,323,23.23,27.27,18.27,0,76.99,1.23
2020,324,22.9,27.15,18.38,0,76.92,0.78
2020,325,23.13,28.14,18.65,2.06,84.47,1.2
2020,326,23.17,27.4,19.75,7.96,86.58,1
2020,327,20.81,25.03,17.03,1.5,74.93,1.74
2020,328,17.99,23.79,12.77,0.13,76.01,1.72
2020,329,19.17,25.09,13.05,0,81.28,1.15
2020,330,20.01,25.89,14.19,0,82.88,1.1
2020,331,20.11,25.63,15.67,0,86.75,1.1
2020,332,20.58,25.84,16.19,0,87.34,1.56
2020,333,20.43,26.21,16.56,0,87.76,2
2020,334,19.64,25.92,14.78,0,86.69,1.78
2020,335,19.7,26.26,13.81,0,83.49,1.31
2020,336,20.49,26.29,14.94,0,83.14,1.07
2020,337,20.88,25.9,16.28,0,81.25,1
2020,338,21.06,25.8,16.62,0,78.13,0.97
2020,339,20.39,25.39,15.97,0,77.39,0.96
2020,340,20.18,24.74,16.14,0,76.83,0.9
2020,341,20.59,25.02,16,0,77.23,0.76
2020,342,19.99,25.29,15.55,0,82.76,0.72
2020,343,19.33,24.19,15.33,0,86.47,0.97
2020,344,19.95,24.23,16.26,0,80.9,0.54
2020,345,19.81,24.11,15.99,0,79.86,0.56
2020,346,19.21,23.57,15.64,0.02,79.83,0.73
2020,347,18.44,22.59,15.2,0,82.26,0.77
2020,348,19.61,24.24,15.5,0,80.34,0.63
2020,349,19.54,24.35,15.16,0,81.03,0.96
2020,350,18.21,23.75,14.13,0,84.75,1.43
2020,351,18.66,23.83,15.2,0,81.91,1.55
2020,352,18.4,23.87,14.1,0,83.75,1.46
2020,353,16.98,22.21,12.96,0,75.25,1.42
2020,354,13.9,19.82,9.43,0,76.13,1.74
2020,355,13.89,20.68,7.99,0,83.15,1.66
2020,356,16.12,22.76,9.95,0,82.55,1.13
2020,357,17.14,23.1,11.67,0,80.24,0.86
2020,358,17.37,23.19,12.1,6.14,81.56,1.07
2020,359,17.69,23.66,12.49,0,83.36,1.22
2020,360,17.03,23.26,12.05,0,83.36,1.47
2020,361,15.83,22.44,10.55,0,80.21,1.59
2020,362,15.32,21.85,9.55,0,77.29,1.53
2020,363,16.25,22.43,10.69,0,73.14,1.24
2020,364,16.11,22.24,11.27,0,73.62,1.31
2020,365,15.85,22.71,10.4,0,81.27,1.66
2020,366,16.38,22.98,10.53,0,83.05,1.72
2021,1,16.4,23.27,10.4,0,81.45,1.57
2021,2,16.71,23.22,10.71,0,81.65,1.39
2021,3,17.5,24.14,11.55,0,79.56,1.25
2021,4,18.72,25.06,13.84,0,79.15,1.03
2021,5,19.05,25.23,13.97,0.47,81.44,1.2
2021,6,20.08,26.32,14.51,0,78.96,1.06
2021,7,21.57,27.27,16.26,0,72.8,1.04
2021,8,20.38,26.49,14.83,0.22,77.63,1.26
2021,9,20.14,25.09,15.36,0,75.46,1.09
2021,10,20.32,25.29,15.06,0,77.97,1.09
2021,11,20.99,26.03,16.76,0,80.71,1
2021,12,19.09,24.4,15.21,0,81.39,1.48
2021,13,16.84,22.55,12.79,0,73.74,1.46
2021,14,15.68,21.81,10.35,0,71.18,1.48
2021,15,15.45,21.26,10.83,2.11,68.83,1.47
2021,16,15.9,22,10.59,0,69.72,1.32
2021,17,15.89,21.82,10.87,0,75.69,1.4
2021,18,17.02,23.2,11.34,0,79.28,1.1
2021,19,17.46,22.58,13.29,0,76.75,1.13
2021,20,18.53,23.51,14.76,0.43,81.97,1.5
2021,21,17.78,24.37,13.42,0.03,66.73,1.31
2021,22,16.09,22.95,10.24,0.1,70.73,1.4
2021,23,16.71,22.13,11.24,0,69.27,1.05
2021,24,17.46,23.58,11.84,0,70.15,0.98
2021,25,16.61,23.29,10.72,0,74.86,1.46
2021,26,16.91,23.53,12.14,0,69.34,1.64
2021,27,15.71,22.93,10.06,0,67.23,1.76
2021,28,15.25,23.53,8.35,0,67.91,1.9
2021,29,16.39,24.21,9.11,0,64.22,1.78
2021,30,15.79,23.37,10.39,0,63.96,1.64
2021,31,14.07,21.52,7.59,0,58.32,1.63
2021,32,14.73,22.46,8.53,0,59.38,1.62
2021,33,15,23,8.63,0,59.58,1.71
2021,34,16.45,25.05,9.27,0,61.73,1.82
2021,35,17.84,26.45,10.54,0,65.96,1.86
2021,36,18.87,26.82,11.53,0,65.67,1.46
2021,37,19.84,27,14.95,0,61.26,1.41
2021,38,18.27,25.26,13.79,0.1,68,2.26
2021,39,17.9,25.93,11.45,0.01,62.77,2.01
2021,40,18.21,26.57,10.91,0,59.12,1.74
2021,41,19.97,27.02,14.11,0,50.42,1
2021,42,20.48,26.89,14.68,0,51.26,1.07
2021,43,20.6,27.65,15.1,0,52.8,1.07
2021,44,21.06,27.77,15.46,0,51.75,0.93
2021,45,21.87,27.74,15.67,0,48,0.72
2021,46,21.67,28.35,15.47,0,50.24,1.12
2021,47,21.1,28.77,13.57,0,54.06,1.29
2021,48,21.77,28.85,14.67,0,52.55,1.08
2021,49,22.73,30.8,15.35,0,58.07,1.58
2021,50,22.92,28.97,17.09,0,60.17,1.23
2021,51,22.28,27.03,17.76,0,56.92,1.21
2021,52,22.83,30.26,16.3,0,46.63,1.32
2021,53,22.97,29.96,16.24,0,44.03,1.47
2021,54,23.22,30.43,16.47,0,45.16,1.33
2021,55,24.13,30.87,17.39,0,45.87,1.17
2021,56,25.16,31.82,17.91,0,44.21,1.34
2021,57,24.33,33.35,16.47,0,49.11,1.79
2021,58,25.21,33.15,18.23,0,55.73,1.49
2021,59,25.4,34.3,17.19,0,50.32,1.99
2021,60,26.25,34.49,18.62,0,57.43,1.78
2021,61,26.11,33.64,19.16,0,53.85,1.53
2021,62,24.9,32.61,19.17,0,51.26,1.52
2021,63,24.83,32.23,16.93,0,34.04,1.5
2021,64,25.28,33.67,16.19,0,50.9,1.94
2021,65,25.77,33.35,19.33,0.26,64.03,1.5
2021,66,25.69,33.71,19.04,0.56,61.1,1.48
2021,67,26.19,33.2,20.13,0.54,65.82,1.5
2021,68,26.85,35.22,19.41,0.23,58.73,2.03
2021,69,27.75,35.23,21.25,0.59,56.85,1.2
2021,70,27.39,34.22,20.98,0.23,61.58,1.38
2021,71,28.45,35.38,21.6,0,58.12,1.2
2021,72,27.84,34.54,22.78,2.8,55.5,1.52
2021,73,27.14,33.97,20.74,0.45,51.98,1.62
2021,74,26.86,33.45,20.28,1.8,48.52,1.21
2021,75,28,35.02,21.47,0,39.77,1.23
2021,76,28.26,35.21,21.27,0,33.37,1.1
2021,77,28.26,35.86,21.22,0,34.18,1.24
2021,78,28.83,36.3,20.3,0,39.38,1.07
2021,79,29.03,35.77,22.6,0,37.95,1.34
2021,80,29.93,37.56,23.09,0,39.54,1.45
2021,81,30.99,38.63,24.37,0,35.36,1.39
2021,82,30.99,38.59,22.59,0,34.48,1.55
2021,83,30.76,38.15,23.6,0,35.59,2.32
2021,84,30.12,38.26,23.41,0,32.94,2.23
2021,85,29.52,38.01,21.98,0,31.85,1.96
2021,86,29.18,37.66,21,0,28.99,1.5
2021,87,29.61,37.49,21.79,0,33.49,1.04
2021,88,30.81,38.24,23.49,0.09,45.69,2.22
2021,89,31.31,38.92,24.33,0.74,50.62,2.31
2021,90,31.08,40.19,23.42,0.96,53.53,2.11
2021,91,30.54,39.22,22.99,1,52.82,2.31
2021,92,30.46,37.94,23.43,0.07,54,2.31
2021,93,30.93,38.44,23.47,0.02,49.72,1.67
2021,94,30.64,38.77,23.34,5.8,48.52,1.75
2021,95,29.98,36.43,23.46,2.73,45.06,1.12
2021,96,29.29,36.83,20.93,8.42,45.33,1.22
2021,97,30.03,37.67,23.24,0,51.51,2.43
2021,98,30.29,37.49,23.14,0.17,57.24,2.39
2021,99,30.1,36.64,24.28,3.03,59.33,1.94
2021,100,30.38,37.1,24,5.45,54.85,1.55
2021,101,31.88,38.62,24.4,0.86,49.63,1.73
2021,102,32.98,39.63,26.43,0.24,44.38,2.13
2021,103,32.45,40.36,24.78,0.25,39.67,2.16
2021,104,31.95,39.95,23.7,0.12,43.11,1.9
2021,105,31.27,37.23,26.06,0.01,50.28,2.5
2021,106,30.51,37.05,26.26,0.14,46.25,3
2021,107,29.66,36.38,24.07,8.05,54.85,2
2021,108,29.88,36.05,24.02,12.97,57.45,1.64
2021,109,31.16,38.96,24.47,1.15,45.76,2.64
2021,110,30.75,39.29,22.55,1.9,52.86,2.23
2021,111,31.43,37.63,25.48,1.05,58.41,2.28
2021,112,30.2,36.06,25.56,22.52,63.21,1.68
2021,113,30.51,37.14,24.42,0.86,51.5,1.37
2021,114,31.29,38.9,24.18,0,39.11,1.38
2021,115,31.29,39.6,23.44,0,45.65,1.64
2021,116,32.57,39.95,25.17,0,46.39,1.24
2021,117,32.51,39.21,26.66,0,49.97,1.93
2021,118,32.3,39.48,25.68,0.1,50.77,2.12
2021,119,30.83,35.25,26.84,3.74,57.89,1.62
2021,120,31.26,37.36,25.86,4.56,52.71,1.34
2021,121,32.22,38.83,26.06,0.33,49.29,1.78
2021,122,32.17,38.27,25.81,0.56,50.08,1.94
2021,123,29.71,33.94,26.35,6.74,61.63,2.31
2021,124,26.78,30.19,24.54,31.94,76.5,1.27
2021,125,26.29,29.41,23.57,9.77,74.6,0.95
2021,126,28.39,33.71,23.17,6.4,66.8,1.48
2021,127,29.33,34.24,24.2,12.63,66.98,1.5
2021,128,29.03,33.16,24.5,9.74,69.09,1.35
2021,129,29.56,34.13,24.58,4.97,65.41,0.97
2021,130,29.69,34.6,24.87,9.37,67.92,1.84
2021,131,28.52,32.07,25.14,27.87,76.22,1.39
2021,132,28.14,31.46,25.2,25.81,75.99,0.74
2021,133,28.43,32.89,24.18,12.12,75.96,1.74
2021,134,28.77,32.72,25.38,11.71,76.02,1.82
2021,135,30.54,36.24,25.02,3.79,70.26,2.18
2021,136,30.39,35.03,25.63,22.02,73.84,1.82
2021,137,31.1,35.48,26.53,9.26,74,2
2021,138,30.81,34.82,26.92,16.38,76.86,2.09
2021,139,30.03,33.14,26.99,8.42,81.99,2.01
2021,140,29.78,32.35,27.28,5.01,84.58,1.87
2021,141,29.79,33.17,27.24,2.47,81.55,1.94
2021,142,29.97,33.14,27.13,0.71,80.81,1.75
2021,143,31.6,35.61,27.69,0.12,72.04,0.73
2021,144,30.18,33.93,27.13,3.12,77.42,1.75
2021,145,29.19,32.64,26.72,30.89,82.44,2.52
2021,146,27.87,30.87,25.69,16.47,82.39,5.77
2021,147,28.69,31.98,26.03,11.31,82.89,5.72
2021,148,30.13,34.25,27.09,8.52,80.98,3.03
2021,149,29.98,34.11,26.16,5.43,79.98,2.02
2021,150,29.82,33.58,26.21,3.83,81.32,2.39
2021,151,28.33,29.97,26.87,35.68,92.19,3.36
2021,152,28.72,31.15,26.61,24.55,89.42,2.25
2021,153,28.73,31.41,26.5,13.14,87.02,1.9
2021,154,29.25,32.49,26.47,1.86,85.86,2.07
2021,155,29.37,32.24,27.17,2.39,86.44,2.33
2021,156,29.12,32.19,27.26,19.12,88.22,2.64
2021,157,29.11,31.79,26.82,34.22,89.22,2.47
2021,158,29.25,32.06,27.07,14.91,89.35,3.6
2021,159,28.63,30.64,27,14.91,92.31,2.62
2021,160,27.67,29.42,26.04,37.87,91.75,2.4
2021,161,27.8,29.87,25.58,12.62,86.6,1.81
2021,162,27.45,29.35,25.63,25.32,91.47,2.79
2021,163,27.61,29.32,25.77,23.85,93.03,2.72
2021,164,28.68,31.94,26.32,2.49,88.92,3.07
2021,165,28.96,32.06,26.64,12.27,88.78,3.21
2021,166,28.59,31.01,26.75,15.22,90.76,3.74
2021,167,28.4,31.61,25.96,7.11,88.83,2.1
2021,168,27.45,30.24,25.13,13.57,88.94,4.69
2021,169,27.45,30.82,24.55,32.1,88.17,2.64
2021,170,27.28,29.78,25.57,59.78,90.77,3.25
2021,171,26.94,28.84,25.15,15.67,92.05,2.61
2021,172,27.23,29.28,25.2,26.3,92.93,3.17
2021,173,27.94,31.19,25.38,7.25,88.95,3.01
2021,174,27.94,31.64,24.63,2.86,88.16,2.72
2021,175,28.63,32.15,25.45,3.39,87.21,2.54
2021,176,28.35,31.36,25.71,2.94,87.53,2.97
2021,177,28.65,31.9,26.02,4.4,88.19,3.11
2021,178,28.83,31.99,25.99,1.7,87.94,2.86
2021,179,28.52,31.36,26.33,11.61,89.49,3.41
2021,180,28.73,31.49,26.5,16.31,90.03,3.83
2021,181,28.68,31.19,27.17,38.72,92.22,3.68
2021,182,28.73,31.16,26.97,25.88,91.79,3.68
2021,183,27.71,29.62,26.12,46.74,92.83,3.63
2021,184,28.75,31.62,26.41,24.33,91.16,3.11
2021,185,29.41,32.72,26.36,14.85,83.03,1.22
2021,186,29.41,32.68,26.4,9.42,86.03,1.32
2021,187,28.7,31.12,26.97,13.67,90.58,1.89
2021,188,28.73,30.6,27.25,16.42,92.85,2.73
2021,189,28.65,31.37,26.22,6.38,89.98,2.52
2021,190,28.78,31.86,26.3,1.09,87.71,2.11
2021,191,28.23,30.14,26.42,1.79,89.47,1.92
2021,192,28.41,30.71,26.57,4.53,89.05,1.82
2021,193,28.81,32.64,26.21,1.7,85.43,1.63
2021,194,28.11,30.69,25.75,1.85,90.42,2.8
2021,195,28.62,31.92,26.27,1.45,87.36,2.58
2021,196,28.85,31.73,26.09,0.48,85.14,1.45
2021,197,27.73,29.23,26.4,4.15,88.64,1.9
2021,198,28.58,31.26,25.92,5.42,88.45,2.11
2021,199,27.48,28.8,26.38,11.49,90.01,1.87
2021,200,27.74,29.39,26.29,12.96,92.08,2.14
2021,201,28.75,31.89,26.07,42.84,87.15,1.82
2021,202,28.92,32.16,26.1,4.43,86.77,1.83
2021,203,28.76,31.93,26.34,15.7,88.6,2.92
2021,204,28,30.01,26.41,7.65,92.62,4.38
2021,205,28.77,31.53,27.08,24.32,90.83,4.5
2021,206,29.13,32.23,26.52,5.57,88.56,2.36
2021,207,30.41,33.55,27.4,3.57,82.77,0.75
2021,208,29.35,30.5,27.92,16.36,89.48,1.37
2021,209,28.8,29.97,27.39,5.05,93.95,2.81
2021,210,27.65,29.48,26.44,17.52,92.53,7.16
2021,211,28.24,30.98,26.45,13.27,90.64,5.49
2021,212,28.48,31.16,26.52,9.07,89.51,3.13
2021,213,27.94,30.26,26.24,16.38,91.12,2.59
2021,214,28.68,32.31,26.14,11.58,88.75,1.97
2021,215,28.68,31.21,26.22,11.43,87.54,1.07
2021,216,28.32,30.43,26.58,36.69,89.96,1.41
2021,217,29.44,33.26,26.05,13,84.46,1.22
2021,218,29.01,31.3,26.93,29.11,90.28,2
2021,219,28.25,29.89,27.16,32.75,91.53,3.09
2021,220,29.07,32.15,26.55,8.83,89.55,2.36
2021,221,29.13,32.25,26.39,11.21,88.64,2.36
2021,222,28.83,31.35,26.99,9.08,91.88,2.99
2021,223,29.2,31.81,27.23,5.2,90.3,2.56
2021,224,28.78,30.71,27.43,21.55,92.19,3.58
2021,225,27.64,29.14,26.52,17.26,91.94,3.69
2021,226,28.81,32.04,26.24,21.23,89.41,2.59
2021,227,28.54,31.39,26.62,8.11,90.43,2.27
2021,228,28.7,32.43,25.48,4.96,86.06,2.05
2021,229,28.49,31.65,26.36,12.81,89.83,2.95
2021,230,27.67,29.4,26.2,11.27,94.13,2.8
2021,231,27.31,29.16,25.76,4.34,92.95,3.06
2021,232,27.6,30.27,25.47,4.33,90.47,2.8
2021,233,27.96,30.98,25.33,3.08,87.64,1.9
2021,234,28.25,30.97,25.68,4.46,86.41,2.77
2021,235,28.62,31.58,26.09,14.12,89.54,2.54
2021,236,28.61,31.42,26.71,11.3,91.07,2.5
2021,237,28.45,30.71,27.03,16.29,91.46,2.7
2021,238,28.47,31.13,26.51,15.27,90.93,2.73
2021,239,27.31,28.36,26.31,35.07,93.86,2.47
2021,240,27.89,30.68,25.8,8.8,90.77,2.28
2021,241,27.64,30.43,25.31,5.9,91.21,2.58
2021,242,27.22,29.27,25.69,9.42,91.84,1.87
2021,243,28.1,31.23,25.39,4.45,88.94,1.38
2021,244,27.34,28.58,26.4,7.52,91.92,1.46
2021,245,26.97,28.21,25.7,7.53,86.95,1.26
2021,246,28.33,32.53,24.02,0.24,76.91,0.74
2021,247,29.08,33.18,24.8,2.45,82.24,0.82
2021,248,29.27,32.8,26.04,2.49,85.15,1.33
2021,249,28.34,31.28,26.54,8.57,90.14,2.92
2021,250,27.62,30.34,25.86,6.19,91.75,2.76
2021,251,27.77,30.79,24.89,1.61,88.69,1.57
2021,252,28.58,30.93,26,3,84.49,0.85
2021,253,28.43,31.43,25.89,3.51,88.29,1.51
2021,254,28.35,31.44,25.59,11.93,87.07,1.68
2021,255,28.16,31.84,25.82,1.38,89.24,2.71
2021,256,27.59,29.7,25.86,2.07,92.35,4.09
2021,257,27.29,28.71,26.11,13.54,94.88,3.02
2021,258,28.22,31.48,25.25,5.69,89.09,1.78
2021,259,27.78,30.61,25.6,10.25,89.61,1.39
2021,260,27.97,30.74,25.62,11.45,88.79,1.42
2021,261,26.82,28.38,25.69,13.83,92.17,1.81
2021,262,27.39,30.17,25.34,21.21,88.74,1.24
2021,263,26.84,29.23,25.02,3.36,92.67,1.8
2021,264,26.87,29.71,24.96,3.54,90.71,2.15
2021,265,26.35,29.05,24.74,5.79,90.3,2.01
2021,266,28.1,31.86,24.81,4.79,84.47,1.62
2021,267,28.88,32.78,25.34,0.29,82.5,0.8
2021,268,28.92,32.39,26.08,4.31,83.04,1.19
2021,269,28.55,32.02,25.52,14.34,87.3,1.36
2021,270,27.95,30.99,26.23,9.18,90.15,1.61
2021,271,26.86,28.8,25.53,9.04,91.54,2.13
2021,272,26.55,28.48,25.37,6.49,92.2,2.2
2021,273,27,29.33,25.09,6.39,90.64,1.16
2021,274,27.53,29.96,24.83,0.62,84.04,0.66
2021,275,27.91,31.12,24.61,0.85,86.88,1.38
2021,276,28.01,31.33,25.29,9.9,90.11,2.23
2021,277,27.12,28.88,25.91,26.51,94.13,2.15
2021,278,27.23,29.7,25.49,17.66,88.91,1.29
2021,279,27.45,30.7,24.51,24.16,82.81,0.7
2021,280,28.15,32.15,24.68,8.61,84.56,0.86
2021,281,28.39,31.77,25.1,17.23,84.36,0.8
2021,282,28.54,31.98,25.12,7.91,83.7,0.84
2021,283,28.91,32.06,26.4,3.79,83.29,0.9
2021,284,28.09,31.95,24.9,0.05,86.73,1.68
2021,285,28.22,31.58,24.97,0.62,87.96,1.75
2021,286,28.31,30.88,25.8,1.89,87.85,1.01
2021,287,28.98,31.93,26.01,2.73,81.19,0.72
2021,288,29.24,32.8,26,4.78,82.8,0.95
2021,289,28.41,31.27,26.49,2.77,88.18,1.49
2021,290,27.43,29.51,26.04,15.18,90.56,2.09
2021,291,26.24,28.08,25.37,25.6,94.02,3.87
2021,292,26.35,27.62,25.3,22.69,94.42,3.12
2021,293,26.9,29.64,24.8,19.28,92.25,2.29
2021,294,25.24,28.42,21.01,0.29,86.32,2.3
2021,295,24.51,28.9,20.56,6.22,78.19,0.74
2021,296,24.82,28.35,20.3,0.12,77.73,0.79
2021,297,25.93,29.44,21.62,0,73.59,0.54
2021,298,25.64,29.06,22.23,0.74,76.81,0.55
2021,299,25.54,29.34,22.15,1.67,79.12,0.73
2021,300,25.72,28.99,21.71,0.69,79.21,0.98
2021,301,25.83,29.23,22.51,0.02,81.54,1.21
2021,302,25.16,29.46,21.92,0,85.21,1.83
2021,303,24.31,28.49,20.62,0,85.94,1.7
2021,304,23.44,27.56,20.02,0,80.9,1.73
2021,305,22.71,26.88,19.02,0,74.42,1.07
2021,306,22.41,26.48,17.3,0,75.29,1.31
2021,307,22.89,27.4,18.57,0,79.03,1.19
2021,308,23.05,27.92,18.88,0,78.28,1.01
2021,309,21.83,26.42,17.59,0,78.76,1.22
2021,310,22.15,27.05,17.13,0,76.68,1.25
2021,311,21.49,26.45,16.72,0,79.97,1.35
2021,312,21.2,26.31,16.01,0,80.82,1.3
2021,313,21.48,26.28,16.81,0,79.66,0.87
2021,314,21.83,26.47,17.58,0,77.55,0.76
2021,315,22.75,26.49,18.7,0,76.3,0.55
2021,316,23.2,27.28,18.81,0,80.7,1.06
2021,317,23,26.05,20.55,1.83,87.47,0.86
2021,318,23.21,26.61,20.79,9,90.99,1.11
2021,319,22.04,24.43,19.98,6.6,90.09,1.22
2021,320,22.08,25.78,18.8,2.07,87.25,1.37
2021,321,20.97,26.81,16.91,0.15,82.72,1.65
2021,322,20.86,27.16,15.43,0,81.96,1.12
2021,323,21.78,26.4,16.82,0,80.71,0.88
2021,324,22.51,26.76,18.02,0,81.31,0.82
2021,325,22.81,26.44,18.92,0,80.62,1.08
2021,326,23.07,27.74,18.93,0,81.17,1.15
2021,327,22.52,27.31,18.62,0,81.75,0.95
2021,328,20.42,25.91,16.66,0,78.8,1.51
2021,329,19.61,25.96,14.98,0,72.63,1.22
2021,330,19.34,25.07,13.82,0,73.84,1.29
2021,331,19.55,25.95,13.75,0,73.33,1.14
2021,332,19.51,25.24,14.5,0,71.61,1.1
2021,333,19.01,24.79,13.74,0,77.47,1.15
2021,334,19.71,25.91,13.85,0,78.09,1.12
2021,335,21,26.97,15.05,0,75.22,1.01
2021,336,21.02,27.36,15.17,0,74.8,0.97
2021,337,21.41,26.99,15.42,0.03,78.71,1.03
2021,338,21.76,26.15,17.71,1.38,84.98,1.1
2021,339,21.13,23.58,19.1,7.89,92.57,1.42
2021,340,21.57,23.48,20.27,74.32,94.47,3.05
2021,341,21.72,25.82,18.64,7.85,87.38,1.69
2021,342,20.78,25.56,16.71,1.03,87.16,1.43
2021,343,21.06,26.47,15.9,0.71,83.66,1.39
2021,344,20.2,24.04,17.51,0.65,81.87,1.71
2021,345,18.78,24.35,14.64,2.34,80.2,1.39
2021,346,16.89,22.69,12.65,0,78.81,1.93
2021,347,16.96,22.86,11.34,0,82.18,1.42
2021,348,17.23,23.18,12.03,0,84.8,1.32
2021,349,16.9,22.36,12.11,0,81.16,1.2
2021,350,16.8,22.41,12.43,0,81.42,1.29
2021,351,17.26,23.5,11.26,0,78.9,1.27
2021,352,17.48,24.24,11.7,0,76.84,1.31
2021,353,15.64,21.5,11.53,0,82.2,1.96
2021,354,13.85,21.26,7.56,0,78.22,1.57
2021,355,16.12,22.26,9.55,0,82.77,1.08
2021,356,17.47,22.35,13.41,0.01,83.42,1.13
2021,357,18.17,23.78,13.82,0,76.81,0.8
2021,358,17.6,23.36,12,0,80.68,1.06
2021,359,18.61,23.69,13.35,0,73.75,0.67
2021,360,18.44,23.83,12.77,0,72.66,0.98
2021,361,18.3,23.12,13.85,0,73.83,0.87
2021,362,18.3,22.93,13.36,0,77.29,1.11
2021,363,17.58,22.74,13.26,0,80.59,1.41
2021,364,17.77,24.09,13.28,0,81.62,1.47
2021,365,17.2,23.47,12.38,0,83.53,1.99
2022,1,17.04,23.27,13.06,0,84.9,2
2022,2,16.65,22.53,11.58,0,84.16,1.88
2022,3,16.97,22.7,12.19,0,82.93,1.7
2022,4,16.27,22.61,10.96,0,80.55,1.5
2022,5,16.42,22.65,10.2,0,77.81,1.46
2022,6,17.41,23.91,11.48,0,78.47,1.22
2022,7,18.05,24.1,12.63,0,80.55,1.45
2022,8,18.37,24.64,12.87,0,83.45,1.54
2022,9,19.32,24.78,13.95,0,80.13,1.06
2022,10,19.98,25.28,14.95,0,79.59,1.13
2022,11,19.9,25.32,15,0.52,82.41,1.31
2022,12,19.39,23.61,15.93,5.68,85.84,1.33
2022,13,18.41,22.54,14.74,7.79,83.51,1.2
2022,14,17.05,21.33,12.58,0.74,78.97,1.63
2022,15,17.19,23.17,13.01,0.13,79.39,2.06
2022,16,16.12,22.39,11.2,0.04,79.85,2.47
2022,17,16.23,23.53,9.91,0,80.25,1.72
2022,18,16.59,23.25,11.4,0,81.25,1.46
2022,19,17.67,23.36,13.52,0,78.78,1.28
2022,20,16.5,22.07,12.68,0,79.43,1.48
2022,21,17.42,22.79,12.14,0,64.41,0.98
2022,22,18.04,23.2,12.09,0.06,69.45,1.06
2022,23,18.2,24.38,12.86,0.68,75.57,1.25
2022,24,17.64,22.15,14.64,5.81,86.5,1.49
2022,25,18.52,22.72,15.02,1.22,80.12,0.82
2022,26,18.31,23.04,14.51,1.45,79.51,1
2022,27,16.68,21.72,12.34,1.97,77.08,1.81
2022,28,14.4,20.41,9.51,0.85,71.66,2
2022,29,14.1,20.09,8.81,0,76.4,1.51
2022,30,14.97,21.37,8.4,0,69.5,1.61
2022,31,16.44,22.24,10.74,0,65.11,1.13
2022,32,17.01,23.3,10.52,0.02,74.07,1.86
2022,33,17.66,24.08,12.3,0.04,66.72,1.26
2022,34,17.94,24.93,11.65,0.03,73.38,1.74
2022,35,18.53,23.46,14.07,20.08,86.06,2.78
2022,36,16.7,22.03,12.04,4.95,74.88,2.78
2022,37,15.31,21.33,10.67,13.63,72.09,1.34
2022,38,15.42,21.3,9.65,0.01,69.43,1.38
2022,39,17.45,22.68,11.79,0,62.22,0.94
2022,40,18.31,24.11,11.59,0,64.36,0.98
2022,41,18.04,22.66,12.48,1.29,77.2,1.26
2022,42,18.26,23.89,13.37,0.72,74.37,1.74
2022,43,16.99,23.05,12.6,0.08,62.9,1.43
2022,44,16.85,24.13,9.91,0,67.74,1.89
2022,45,17.37,24.53,10.71,0,70.23,1.56
2022,46,18.44,25.15,12.4,0,64.1,1.25
2022,47,18.98,24.86,14.21,0,54.66,1.03
2022,48,19.31,25.59,12.62,0,56.89,1.36
2022,49,19.31,25.48,12.46,0,54.18,1.43
2022,50,18.74,26.05,12.56,0,58.97,1.93
2022,51,18.65,26.21,12.9,2.6,72.48,2.03
2022,52,19.3,25.86,12.89,1.99,69.33,1.49
2022,53,20.13,26.53,13.36,0.84,64.87,1.2
2022,54,21.55,27.32,15.26,0.2,67.32,1.29
2022,55,22.16,28.84,15.45,0.15,69.47,1.36
2022,56,22.72,28.21,17.66,2.51,71.92,1.06
2022,57,22.59,28.87,17.05,1.75,74.02,1.25
2022,58,23.18,28.98,17.02,0.26,63.71,1.07
2022,59,23.29,29.57,17.16,1.66,68.64,1.89
2022,60,22.92,29.48,16.5,0.69,61.63,1.67
2022,61,22.91,29.31,16.29,0,56.33,1.48
2022,62,23.64,29.94,17.34,0,52.29,1.23
2022,63,23.15,29.99,16.73,0,53.48,1.56
2022,64,23.46,30.85,15.46,0,57.13,1.41
2022,65,24.18,31.38,18.61,0,52.61,1.37
2022,66,23.85,32.46,16.19,0,58.31,1.64
2022,67,24.48,32.41,17.3,0,58.12,1.63
2022,68,25.07,33.17,18.18,0,52.19,1.35
2022,69,25.09,33.16,18.62,0,46.49,1
2022,70,24.97,32.64,17.14,0,48.3,1.35
2022,71,25.81,33.12,20.11,0,43.57,1.37
2022,72,25.49,33.31,18.71,0,48.26,1.64
2022,73,26.1,33.97,18.34,0,48.27,1.59
2022,74,27.11,35.08,18.9,0,45.38,1.33
2022,75,26.66,35.23,18.04,0,49.16,1.56
2022,76,27.81,35.77,18.99,0,50.04,1.18
2022,77,27.89,36.57,19.29,0,50.79,1.5
2022,78,27.65,36.62,19.56,0,50.54,1.8
2022,79,26.73,35.56,19.39,0,53.08,2.21
2022,80,26.75,35.92,18.33,0,57,1.99
2022,81,28.55,36.41,21.57,0,59.72,1.8
2022,82,29.32,37.3,22.46,0,54.05,1.57
2022,83,28.71,37.18,21.91,0,54.61,3.16
2022,84,28.92,36.46,22.69,0.09,64.58,3.76
2022,85,29.66,37.27,24.1,0.38,63.96,2.84
2022,86,29.24,36.33,22.9,0.26,63.69,2.11
2022,87,29.06,35.68,23.57,1.78,63.16,2.19
2022,88,28.78,35.36,23.66,3.44,66.73,2.95
2022,89,29.14,35.48,23.88,1.78,66.92,2.56
2022,90,30.3,37.1,24.43,0.2,63.89,3.01
2022,91,30.66,37.41,24.49,0.36,63.79,3.35
2022,92,30.12,36.4,24.94,0.42,64.12,2.61
2022,93,29.87,36.29,24.22,0.31,62.94,3.01
2022,94,30.21,38.02,24.43,0.89,59.98,4.3
2022,95,29.79,37.71,23.35,1.85,62.22,3.13
2022,96,29.9,37.49,22.85,0.86,62.2,2.61
2022,97,31.16,38.52,24.06,0,55.14,2
2022,98,31.11,38.66,23.42,0,47.04,2.1
2022,99,31.14,38.87,23.48,0.04,51.11,2.24
2022,100,31.62,39.27,23.97,0.52,54.54,2.81
2022,101,31.93,39.03,25.39,1.09,55.87,2.44
2022,102,31.72,38.22,25.74,1.89,58.06,1.8
2022,103,32.04,39.53,25.37,2.89,57.19,3.06
2022,104,32.24,40.25,25.8,0.43,55.77,3.25
2022,105,32.86,41.68,26.24,0.27,50.44,3.38
2022,106,32.11,38.97,25.48,0.5,59.92,3.42
2022,107,32.76,39.56,26.24,0.19,53.52,3.8
2022,108,32.7,39.96,25.59,0.25,53.34,2.77
2022,109,32.56,39.74,26.38,4.86,55.44,3.01
2022,110,29.22,34.83,25.31,14.97,68.22,2.46
2022,111,28.79,33.99,23.8,5.81,68.42,1.78
2022,112,30.6,36.67,25.47,4.76,63.84,2.33
2022,113,30.11,37.15,25.41,22.79,69.24,2.59
2022,114,30.74,38.73,24.17,13.89,65.76,2.7
2022,115,31.81,39.78,24.5,0.05,59.89,2.64
2022,116,32.34,39.88,25.38,1.31,60.86,2.42
2022,117,31.92,39.32,25.9,5.81,63.33,2.44
2022,118,32.07,39.38,25.88,1.24,61.39,1.69
2022,119,32.66,39.78,25.92,2.37,57.75,1.33
2022,120,31.77,38.68,26.44,3.16,61.3,2.56
2022,121,31.85,38.56,25.35,0.3,55.83,1.26
2022,122,31.52,38.3,25.98,1.58,54.78,1.98
2022,123,29.23,33.99,25.29,22.89,70.25,2.11
2022,124,28.5,33.36,23.91,8.96,71.91,1.51
2022,125,29.4,34.12,25.61,7.19,69.75,0.97
2022,126,28.99,33,24.65,30.53,72.87,1.46
2022,127,29.99,34.37,25.33,8.02,65.87,0.8
2022,128,30.37,35.41,24.86,1.61,64.39,1.34
2022,129,28.97,34.11,25.23,6.47,73.57,2.93
2022,130,27.89,31.65,24.94,20.53,82.59,2.21
2022,131,28.51,32.54,25.26,29.1,84.87,2.96
2022,132,29.31,33.66,26,9.78,81.08,3.43
2022,133,29.24,33.51,26.09,21.45,83.31,4.14
2022,134,29.99,35.77,26.14,10.26,81.19,4.11
2022,135,29.93,34.36,26.87,3.8,81.37,3.97
2022,136,29.02,32.18,26.58,1.62,84.66,3.16
2022,137,29.16,32.85,26.59,9.48,82.25,3.83
2022,138,28.21,31.05,26.82,22.64,86.38,3.67
2022,139,29.7,34.86,26.44,14.37,80.67,3.23
2022,140,29.1,32.97,26.2,26.35,83.1,3.01
2022,141,28.46,31.48,25.74,57.37,89.99,2.5
2022,142,28.53,32.16,24.89,11.38,83.89,1.39
2022,143,28.76,32.42,25.41,10.35,81.98,1.5
2022,144,29.5,33.15,24.96,4.72,78.04,0.91
2022,145,29.53,32.21,26.55,8.36,77.58,1.15
2022,146,29.11,32.66,25.49,16.23,78.81,1.83
2022,147,29.15,33.14,25.67,7.25,78.85,2.06
2022,148,29.23,33.5,25.5,6.55,79.53,1.48
2022,149,28.56,31.54,26.12,24.66,86.27,2.32
2022,150,27.98,30.8,25.78,13.08,87.55,1.89
2022,151,28.14,30.66,25.85,6.74,87.07,1.78
2022,152,28.12,30.33,26.21,8.09,89.13,2.07
2022,153,28.62,31.81,26.14,2.79,85.05,2.31
2022,154,28.53,31.35,26.46,4.48,87.95,2.54
2022,155,27.9,30.45,25.65,13.33,86.82,3.24
2022,156,28.36,31.61,25.68,4.28,86.59,2.82
2022,157,28.79,32.46,25.8,5.7,85.94,2.89
2022,158,29.09,32.64,26.13,18.9,85.61,2.85
2022,159,28.9,31.72,26.55,9.7,87.72,2.67
2022,160,28.46,30.6,26.72,34.62,92.14,2.97
2022,161,27.94,29.86,25.89,29.59,89.26,3.11
2022,162,28.35,31.9,25.24,0.55,87.5,3.03
2022,163,28.94,32.05,26.44,1.23,87.93,3.41
2022,164,29.41,32.79,26.78,2.42,87.64,3.81
2022,165,28.83,31.42,26.93,6.01,90.46,3.53
2022,166,28.19,30.08,26.87,3.83,91.91,3.77
2022,167,27.61,29.75,26.01,11.09,90.72,4.35
2022,168,27.45,29.33,26.03,36.1,93.26,4.16
2022,169,27.57,29.8,26.25,36.76,90.3,4.57
2022,170,27.05,28.58,25.87,13.41,92.46,3.87
2022,171,27.37,30,25.65,11.7,90.73,3.59
2022,172,27.49,29.94,25.28,10.92,90.12,2.48
2022,173,27.88,31.24,25.36,3.88,86.44,2.41
2022,174,28.22,31.89,25.05,11.54,87.95,2.55
2022,175,27.99,30.48,25.92,3.45,89.78,2.48
2022,176,28.24,31.51,25.37,3.4,88.67,2.92
2022,177,28.33,31.3,26.14,4.82,88.57,2.82
2022,178,28.73,32.18,25.72,1.4,86.38,2.51
2022,179,27.91,30.76,26.14,3.22,89.87,2.52
2022,180,27.93,29.91,25.91,5.48,90.42,1.92
2022,181,27.91,29.87,26.18,12.65,90.92,2.13
2022,182,28.76,32.47,25.89,4,88.11,2.46
2022,183,28.38,31.38,26.3,4.88,87.08,2.49
2022,184,28.3,31.42,25.73,9.23,89.01,2.91
2022,185,28.69,32.14,26.11,7.69,88.5,2.55
2022,186,28.84,32.36,25.98,1.02,86.71,2.7
2022,187,27.88,29.76,26.35,14.23,91.84,2.85
2022,188,28.44,31.83,25.78,1.99,87.88,2.32
2022,189,28.34,31.36,26.01,1.8,88.13,2.65
2022,190,28.11,31.59,25.33,0.91,87.22,2.32
2022,191,28.62,32.39,25.37,1.56,87.48,3.3
2022,192,28.11,30.63,25.73,1.6,88.21,3.4
2022,193,28.71,32.35,25.83,0.88,86.04,3.6
2022,194,29.09,32.69,26.43,0.9,85.99,3.45
2022,195,28.94,32.84,26.49,0.93,87.73,3.42
2022,196,29.02,32.53,26.57,4.47,86.6,3.01
2022,197,29.13,33.01,26.23,1.77,86.03,3.41
2022,198,29.44,33.23,26.48,3.18,85.87,3.44
2022,199,28.96,32.73,25.84,0.9,85.42,2.74
2022,200,28.83,32.16,26.27,3.78,86.46,3.17
2022,201,28.76,32.09,26.33,6,89.09,2.49
2022,202,29.07,32.74,26.58,2.69,85.79,2.78
2022,203,29.22,32.7,26.8,1.79,87.22,3
2022,204,28.08,30.88,26.08,12.56,89.89,2.46
2022,205,27.27,28.97,26.01,6.42,91.29,2.83
2022,206,27.02,29.31,25.19,13.54,87.77,1.85
2022,207,27.96,31.51,24.68,4.43,83.18,1.36
2022,208,28.43,31.64,25.45,2.45,84.09,1.55
2022,209,27.72,30.44,25.8,8.51,88.51,1.71
2022,210,28.62,31.75,25.03,8.56,82.48,1.7
2022,211,29.26,32.91,26.26,3.78,85.88,2.02
2022,212,28.34,30.35,26.76,6.15,89.74,2.51
2022,213,28.93,31.5,26.49,27.36,88.74,1.79
2022,214,29.49,32.78,26.35,10.34,84.46,1.23
2022,215,28.15,29.92,26.27,5.76,88.04,1.37
2022,216,28.79,32.46,25.65,13.65,84.8,1.69
2022,217,29.33,32.62,26.74,6.56,86.29,1.68
2022,218,28.63,31.57,26.44,20.86,88.39,1.83
2022,219,29.41,32.86,26.08,11.45,85.28,2.08
2022,220,28.27,30.47,26.28,5.77,89.31,3.51
2022,221,28.34,31.67,25.67,4.14,87.39,3.96
2022,222,27.74,30.63,25.97,2.22,90.67,4.79
2022,223,27.95,30.84,25.83,3.09,89.4,3.93
2022,224,29.12,33.18,25.38,1.04,82.21,0.95
2022,225,28.26,31.66,26.1,5.12,89.7,3.33
2022,226,27.56,30.54,25.68,17.75,89.75,5.9
2022,227,28.26,32.18,25.91,13.52,88.43,3.51
2022,228,28.91,32.48,25.44,3.1,85.07,1.69
2022,229,29.79,33.13,25.82,1.01,81.39,1.18
2022,230,30.73,33.61,27.94,1.07,79.52,1.15
2022,231,28.78,32.1,25.54,16.2,85.43,4.11
2022,232,28.14,31.56,25.94,33.08,87.7,4.37
2022,233,28.4,31.81,25.58,25.06,87.09,2.48
2022,234,28.97,32.36,26.06,1.88,85.27,1.54
2022,235,28.27,31.27,25.75,35.17,88.77,2.08
2022,236,27.94,31.66,25.28,6.61,88.06,3.07
2022,237,28.3,32.26,24.74,3.14,84.31,1.58
2022,238,28.68,32.29,26.1,0.2,85.1,2.2
2022,239,27.81,30.1,25.58,1.74,90.17,2.61
2022,240,28.06,31.18,25.74,3.84,88.08,2.87
2022,241,28.57,32.24,25.54,5.62,85.43,1.81
2022,242,28.91,32.6,25.9,6.78,81.11,1.88
2022,243,28.77,32.38,25.48,1.64,85.71,2
2022,244,27.21,28.9,25.77,11.63,89.25,2.16
2022,245,28.07,30.94,25.74,8.51,88.55,2.24
2022,246,28.9,32.33,25.98,15.03,88.34,2.62
2022,247,28.67,31.38,26.79,20.17,89.89,2.54
2022,248,28.29,30.59,26.75,9.32,90.46,1.93
2022,249,28.01,30.33,26.41,29.18,88.32,1.11
2022,250,28.44,31.35,25.41,10.51,86.58,1.14
2022,251,29.8,33.41,26.19,3.04,82.29,0.98
2022,252,29,31.68,26.79,17.98,84.8,0.87
2022,253,27.47,29.44,26.22,7.98,91.08,2.6
2022,254,27.24,29.37,26.06,20,90.98,3.12
2022,255,26.99,28.14,25.95,21.51,94.86,3.11
2022,256,27.21,29.08,25.94,43.35,94.08,2.97
2022,257,27.09,29.19,25.42,36.49,91.68,2.28
2022,258,27.43,30.29,25.22,31.1,91.48,2.34
2022,259,27.59,30.24,25.24,16.38,90.61,1.7
2022,260,28.16,31.68,25.45,3.14,89,1.62
2022,261,28.81,32.07,25.89,1.96,87.2,1.29
2022,262,27.8,31,26.1,7.57,90.9,2.51
2022,263,27.85,31.04,25.92,3.97,90.29,3.71
2022,264,27.92,30.82,25.69,2.08,90.31,3.06
2022,265,27.87,30.81,25.43,2.1,90.13,2.19
2022,266,27.77,30.71,25.31,1.4,88.92,1.87
2022,267,27.35,29.9,25.42,0.9,90.14,1.69
2022,268,28.15,30.89,24.73,5.88,83.85,1.22
2022,269,28.04,31.24,25.51,2.94,86.33,1.23
2022,270,27.26,29.46,25.53,13.05,90.58,1.3
2022,271,27.46,30.26,25.14,3.8,84.77,0.92
2022,272,28.92,32.19,25.44,4.06,78.71,0.67
2022,273,29.05,33.17,24.89,0.66,81.29,1.33
2022,274,29.37,32.77,26.17,4.68,82.99,0.95
2022,275,27.32,28.95,26.25,19.88,93.32,1.6
2022,276,27.07,29.17,25.6,16.81,91.12,1.36
2022,277,27.55,30.28,25.59,12.39,90.33,2.01
2022,278,27.61,30.64,24.91,5.4,89.48,1.5
2022,279,27.54,30.96,24.91,1.75,88.45,1.68
2022,280,27.66,31.33,25.15,1.89,83.96,1
2022,281,27.5,30.68,24.44,2.03,86.13,1.19
2022,282,26.94,29.78,24.47,6.46,90.43,1.64
2022,283,26.88,29.72,24.71,10.24,90.68,1.7
2022,284,26.96,30.03,24.81,4.9,91.6,2.1
2022,285,26.48,28.83,24.92,10.87,91.6,1.66
2022,286,26.74,29.61,24.4,7.18,89.65,1.37
2022,287,27.1,30.24,24.3,7.69,87.36,1.01
2022,288,26.33,30.27,23.12,1.63,85.04,1.57
2022,289,25.91,30.97,21.85,0.71,84.51,1.68
2022,290,26.42,31.27,22.26,5.42,85.02,1.55
2022,291,26.92,30.98,22.99,0.08,82.41,1.05
2022,292,26.2,30.03,22.61,0.03,84.01,1.39
2022,293,26.1,30.79,22.61,0.04,85.09,1.96
2022,294,26.53,31.11,22.06,0,82.59,1.58
2022,295,26.68,31.58,22.28,0,80.12,1.39
2022,296,24.89,28.12,22.32,10.92,88.43,1.49
2022,297,23,23.85,21.42,172.43,94.45,4.49
2022,298,23.5,27.26,20.11,8.19,85.79,3
2022,299,24.42,28.21,20.19,11.35,82.74,1.26
2022,300,24.71,29.3,20.81,0,75.54,1.05
2022,301,23.53,28.34,18.75,0,77.84,1.31
2022,302,24.48,28.88,19.86,0.3,75,0.9
2022,303,24.44,29.6,19.37,1.27,73.89,0.88
2022,304,25.48,30.34,21.09,0.07,82.09,0.97
2022,305,25.65,30.56,21.38,0,84.46,1.21
2022,306,25.24,29.23,21.8,0,84.44,1.55
2022,307,24.12,28.02,20.32,0,79.82,1.31
2022,308,24.4,28.44,19.39,0,72.88,0.89
2022,309,25.46,29.41,21.15,0,70.11,0.62
2022,310,25.08,29.26,20.99,1.62,74.78,0.73
2022,311,24.4,28.77,20.34,0.01,71.35,0.77
2022,312,23.72,28.57,19.15,0,70.76,0.88
2022,313,23.08,27.56,18.79,0,75.43,1.17
2022,314,23.41,27.72,18.67,0,73.43,0.95
2022,315,23.41,28.07,18.46,0,75.57,1.01
2022,316,23.61,28.31,19.42,0,76.9,1.15
2022,317,21.53,26.39,17.2,0,79.64,1.4
2022,318,21.7,26.9,15.84,0.03,74.37,1.13
2022,319,22.53,27.3,17.5,0,75.89,0.94
2022,320,22.07,27.17,17.39,0,80.85,1.23
2022,321,21.9,27.41,16.55,0,76.17,1.28
2022,322,20.89,26.21,16.08,0,81.22,1.66
2022,323,21.43,27.45,15.41,0,78.39,1.3
2022,324,21.96,28.14,16.05,0.02,76.58,1.18
2022,325,20.46,26.41,15.65,0.96,81.67,1.76
2022,326,19.89,26.1,14.72,0,83.92,1.68
2022,327,19.9,25.88,15.04,0,84.54,1.69
2022,328,19.9,26.51,14.15,0,81.78,1.62
2022,329,21.48,27.94,15.07,0,78.67,1.15
2022,330,21.93,27.02,16.24,0,74.11,0.66
2022,331,21.53,26.43,15.96,0,70.76,0.78
2022,332,20.95,26.71,15.65,0,74.94,1.04
2022,333,21.56,27.97,16.08,0,75.39,1.16
2022,334,21.04,27.34,16.28,0,76.81,1.28
2022,335,20.34,27.1,14.72,0,83.85,1.89
2022,336,19.78,26.26,14.65,0,83.48,1.86
2022,337,19.42,25.8,13.92,0,81.3,1.59
2022,338,19.89,26.19,13.67,0,79.64,1.37
2022,339,20.13,26.62,14.62,0,84.31,1.55
2022,340,19.68,26.02,14.36,0,83.38,1.66
2022,341,18.94,25.39,13.9,0,82.47,1.64
2022,342,19.43,25.69,13.85,0,83.05,1.54
2022,343,20.38,25.61,15.52,0,79.79,0.96
2022,344,20.52,25.95,14.88,0,74.73,1.14
2022,345,19.74,25.92,14.56,0,79.08,1.45
2022,346,19.36,25.14,14.35,0,77.71,1.13
2022,347,19.58,25.01,14.1,0,75.72,0.88
2022,348,19.52,24.8,14.18,0,77.51,0.93
2022,349,18.99,24.92,14.05,0,74.44,1.08
2022,350,17.75,24.16,12.92,0,71.9,1.1
2022,351,18.19,24.78,11.75,0,74.73,1.19
2022,352,19.55,24.87,14.27,0,71.85,0.51
2022,353,19.85,25.35,15.04,0,71.13,0.82
2022,354,19.68,25.5,14.62,0,79.38,1
2022,355,18.81,24.85,13.87,0,78.81,1.27
2022,356,18.88,25.32,13.34,0,73.76,1.23
2022,357,18.25,25.26,12.48,0,67.6,1.27
2022,358,18.42,25.08,12.54,0,64.96,0.92
2022,359,19.98,25.7,15.71,0,67.73,1.08
2022,360,20.4,26.39,15.68,0.54,77.49,1.17
2022,361,20.51,25.76,16.88,7.73,80.22,1.35
2022,362,17.48,23.19,12.82,0.79,78.15,1.45
2022,363,15.6,22.7,9.67,0,72.62,1.67
2022,364,16.85,22.63,11.88,0,71.67,0.91
2022,365,16.87,22.73,10.83,0,73.24,1.01
2023,1,16.55,22.89,11.54,0,77.79,1.31
2023,2,16.91,23.3,11.59,0,77.59,1.35
2023,3,16.65,23.41,11.34,0,81.83,1.69
2023,4,15.71,22.46,10.63,0,83.36,2.13
2023,5,15.52,22.82,9.83,0,81.57,2.29
2023,6,15.58,23.36,9.46,0.08,79.11,2.45
2023,7,16.06,23.73,9.57,0,81.29,1.86
2023,8,16.51,24.47,10.08,0,78.89,1.58
2023,9,17.33,25.5,10.67,0,77.1,1.71
2023,10,17.66,25.75,11.35,0,72.26,1.94
2023,11,16.03,23.52,9.94,0,69.04,1.55
2023,12,15.9,22.51,9.13,0,67.49,1.18
2023,13,17.54,24.69,10.18,0,63.57,1.25
2023,14,18.61,25.28,11.8,0,70.98,1.35
2023,15,18.49,24.51,14.41,0,72.29,1.42
2023,16,17.13,23.33,12.4,0,69.22,1.34
2023,17,16.08,22.97,10.68,0,68.96,1.34
2023,18,15.45,22.05,9.97,0,62.74,1.32
2023,19,15.08,21.93,8.95,0,62.24,1.57
2023,20,15.89,22.39,10.39,0,65.49,1.31
2023,21,17.32,23.71,10.6,8.09,65.78,0.9
2023,22,18.03,25,11.08,0,63.35,1.17
2023,23,18.69,25.57,12.14,0,70.16,1.23
2023,24,19.31,27.16,12.65,0,71.88,1.34
2023,25,20.35,27.2,13.48,0,66.71,1.12
2023,26,21.19,27.67,15,0,67.25,0.96
2023,27,21.64,27.34,16.14,0,68.74,1.02
2023,28,21.13,26.9,16.08,0,70.91,1.39
2023,29,19.59,26.52,13.01,0,68.6,1.46
2023,30,20.92,28.39,14.02,0,69.51,1.31
2023,31,21.48,27.44,15.85,0,66.87,1.32
2023,32,20.62,26.84,15.58,0,62.76,2.26
2023,33,18.48,26.22,11.43,0,58.73,2.17
2023,34,18.4,26.23,11.4,0,62.94,1.84
2023,35,18.75,25.87,11.72,0,59.25,1.65
2023,36,19.82,26.68,14.02,0,52.4,1.32
2023,37,21.12,27.48,14.64,0,46.66,1.3
2023,38,21.02,28.16,13.34,0,51.06,1.52
2023,39,21.51,29.84,14.16,0,68.12,1.81
2023,40,21.56,28.72,16.03,0,67.08,1.11
2023,41,21.28,27.98,14.92,0,52.29,1.3
2023,42,21.63,30.01,12.95,0,52.87,1.64
2023,43,21.7,30,14.38,0,60.02,1.95
2023,44,19.56,27.61,11.61,0,38.68,2.32
2023,45,19.85,28.15,13.06,0,39.85,1.44
2023,46,20.32,26.92,13.42,0,41.61,1.04
2023,47,21.71,28.51,14.74,0,41.66,0.73
2023,48,22.48,28.95,15.99,0,49.28,0.77
2023,49,23.05,29.23,16.53,0,52.88,0.9
2023,50,23.68,29.54,17.68,0,51.03,0.78
2023,51,24.02,30.08,17.38,0,58.53,1.32
2023,52,24.57,31.16,18.41,0,63.55,2.05
2023,53,25.39,33.75,18.86,0.09,63.93,2.66
2023,54,25.08,33.04,18.8,1.12,61.43,2.29
2023,55,24.32,32.11,18.03,1.16,62.78,1.82
2023,56,24.34,32.13,18.01,0.38,58.03,1.38
2023,57,24.66,32.9,16.31,0.75,43.85,1.32
2023,58,25.06,32.64,19,0.02,37.41,1.24
2023,59,24.28,32.54,17.79,0.07,41.96,1.53
2023,60,23.82,32.47,15.84,0,47.82,1.46
2023,61,25.33,32.94,17.93,0,46.07,1.21
2023,62,26.15,33.74,20.38,0,41.1,1.56
2023,63,27.08,34.56,19.16,0,41.22,1.02
2023,64,27.19,34.66,20.18,0,42.26,1.28
2023,65,27.46,35.08,19.13,0,37.98,1.87
2023,66,26.43,35,18.38,0,36.92,1.94
2023,67,26.74,34.61,20.12,0,36.28,1.64
2023,68,27.1,33.68,19.87,0,40.77,1.76
2023,69,25.75,32.09,19.97,0,43.54,1.57
2023,70,27.9,35.25,20.55,0,38.93,1.05
2023,71,27.68,35.79,20.34,0.22,40.22,1.64
2023,72,28.34,36.09,21.02,0.21,38.71,1.54
2023,73,28.71,34.86,22.45,0.04,38,1.07
2023,74,27.84,35.03,21.73,1.25,50.89,2.01
2023,75,25.94,33.63,20.75,3.69,64.64,1.92
2023,76,25.09,29.51,21.25,1.36,66.41,1.44
2023,77,25.8,32.63,20.28,6.11,63.2,1.42
2023,78,23.66,27.75,21.19,11.96,77.17,1.8
2023,79,23.56,27.69,20.27,12.66,77.17,2.43
2023,80,24.43,29.63,19.42,10.74,69.81,1.36
2023,81,25.19,30.53,19.76,5.44,62.75,1.32
2023,82,25.87,31.85,19.77,0.38,55.72,1.25
2023,83,26,32.94,19.1,0.45,64.03,1.55
2023,84,26.87,33.64,20.13,5.21,64.19,1.22
2023,85,27.78,34.7,21.38,3.11,63.57,2.12
2023,86,27.58,34.03,21.59,3.8,64.88,1.95
2023,87,28.03,34.87,21.95,2.83,61.65,1.55
2023,88,27.49,33.76,22.05,7.89,66.39,1.87
2023,89,26.71,32.01,21.68,13.9,71.82,1.92
2023,90,25.22,30.18,21.84,28.63,82.69,1.61
2023,91,23.7,26.6,21.38,43.1,85.54,1.22
2023,92,24.99,29.96,19.97,8.18,74,1.55
2023,93,26.19,32.21,20.15,0.9,67.88,2.04
2023,94,27.61,33.81,22.66,0.33,69.54,2.28
2023,95,28.04,34.47,21.85,0.36,72.69,2.18
2023,96,28.23,34.69,22.48,0.07,62.5,1.59
2023,97,28.41,35.73,20.2,0.59,51.35,1.4
2023,98,29.36,36.29,21.63,0,48.04,1
2023,99,29.9,36.05,23.6,0.39,43.53,1.16
2023,100,29.57,36.41,22,1.57,48.85,1.22
2023,101,30.31,37.32,22.91,0,49.92,1.29
2023,102,30.68,37.74,22.66,0,41.16,1
2023,103,30.65,38.48,22.18,0,39.57,1.51
2023,104,30.97,39.44,22.19,0,49.58,1.09
2023,105,31.46,39.88,24.05,0,53.46,0.95
2023,106,31.69,39.94,24.31,0,52.04,1.43
2023,107,31.56,39.99,24.04,0,59.16,2.74
2023,108,32.14,39.89,25.63,0,60.46,2.4
2023,109,32.28,40.32,25.66,0.01,58.82,2.88
2023,110,32.64,40.87,26.06,0.16,59.07,3.17
2023,111,31.88,38.98,25.61,1.72,61.4,2.14
2023,112,30.94,37.96,25.05,0.95,55.34,1.68
2023,113,28.15,32.89,24.38,1.07,64.35,2.12
2023,114,29.6,35.64,22.73,0.15,53.87,0.67
2023,115,29.57,35.24,23.69,3.39,52.96,1.25
2023,116,30.61,36.64,24.26,0.89,48.26,0.78
2023,117,31.32,36.94,24.71,0.74,48.6,0.86
2023,118,29.61,35.03,24.32,10.27,55.35,1.07
2023,119,29.36,35.23,24.1,11.46,64.67,1.51
2023,120,28.81,33.07,24.29,17.78,67.23,0.93
2023,121,28.05,31.95,24.47,5.35,67.59,1.38
2023,122,29.58,34.64,24.72,0.31,57.9,1.04
2023,123,29.6,35.21,24.22,3.66,61.08,1.64
2023,124,28.54,33.69,24.28,18.04,71.56,1.79
2023,125,28.29,32.57,23.23,22.25,74.19,1.61
2023,126,29.35,34.48,24.76,3.14,70.17,1.61
2023,127,30.12,36.6,24.33,4.03,61.72,1.83
2023,128,30.82,38.43,23.83,0,53.3,1.95
2023,129,31.26,38.26,24.54,0,51.43,1.55
2023,130,31.6,38.71,24.44,0.04,58.12,1.71
2023,131,31.65,37.61,26.38,3.7,62.49,1.71
2023,132,30.41,34.82,25.61,14.59,66.28,0.95
2023,133,30.89,37.61,24.84,0.36,60.83,1.87
2023,134,29.46,35.81,25.19,0,61.36,3.19
2023,135,29.99,36.42,24.51,0.27,56.03,2.21
2023,136,30.78,37.18,25.62,8.28,67.49,3.01
2023,137,29.4,34.23,25.86,32.47,79.83,3.15
2023,138,28.29,31.78,25.68,54.35,85.56,2.33
2023,139,28.53,32.42,25.46,19.53,85.21,2.84
2023,140,29.42,34.44,26.07,1.91,79.81,2.85
2023,141,28.9,33.19,25.09,11.19,82.21,2.86
2023,142,28.56,31.76,26,20.45,85.97,2.78
2023,143,28.21,30.91,25.9,29.71,88.15,1.56
2023,144,27.54,31.22,24.48,41.06,84.23,1.65
2023,145,27.39,31.21,23.41,11.4,85.21,1.75
2023,146,28.44,31.76,25.52,8.12,82.91,1.54
2023,147,28.39,31.96,25.3,11.29,81.16,1.81
2023,148,29.01,33.1,24.27,5.74,72.42,0.56
2023,149,30.1,33.57,25.63,0.04,67.12,0.74
2023,150,31.39,34.99,27.13,0,64.23,0.64
2023,151,31.23,35.31,26.39,0,72.7,1.2
2023,152,30.37,34.36,27.16,0,78.94,2.09
2023,153,30.62,35.56,26.92,0.04,76.54,2.57
2023,154,30.27,34.62,26.64,0.16,80.12,2.27
2023,155,30.19,34.5,26.38,0.03,79.55,1.99
2023,156,29.75,33.56,25.64,0.02,79.23,1.17
2023,157,30.24,34.16,25.96,0.01,76.41,1.37
2023,158,30.71,34.8,26.67,0.05,77.97,1.61
2023,159,30.78,34.94,26.93,3.35,76.22,1.37
2023,160,28.82,30.94,26.52,28.66,83.41,1.09
2023,161,29.67,34.01,25.49,15.4,78.25,1.11
2023,162,29.76,33.88,26.1,4.45,82.45,2.27
2023,163,28.57,31.1,26.35,13.26,89.94,2.32
2023,164,29.65,34.1,25.76,10.39,84.98,2.57
2023,165,29.79,33.32,27.55,9.42,86.97,3.89
2023,166,29.84,34.02,27.51,13.03,87.4,5.01
2023,167,29.83,33.9,27.36,29.11,87.2,4.6
2023,168,29.5,32.63,27.28,14.36,89.69,4.35
2023,169,29.05,31.42,27.28,16.82,90.31,3.79
2023,170,28.88,31.68,27.02,14.19,89.26,3.04
2023,171,28.96,31.99,26.56,7.85,88.19,3.08
2023,172,28.49,30.23,27.11,14.07,93.27,2.46
2023,173,28.21,30.16,26.8,6.04,90.4,2.47
2023,174,29,32.74,25.89,6.47,85.92,2.62
2023,175,29.07,33.05,26.31,8.17,86.91,3.58
2023,176,28.63,32.3,25.61,2.79,85.77,3.82
2023,177,28.46,31.86,25.98,4.94,86.66,4.22
2023,178,27.86,29.79,26.36,20.52,91.98,3.67
2023,179,28.29,31.25,26.17,29.18,88.78,3.47
2023,180,28.16,30.6,26.53,42.96,90.66,2.83
2023,181,28.58,31.47,26.44,30.17,90.68,2.76
2023,182,29.31,32.23,26.67,49.96,87.8,2.14
2023,183,28.92,31.72,27.22,44.43,91.24,2.72
2023,184,28.96,31.09,27.26,13.58,90.17,1.92
2023,185,29.6,32.76,27.29,5.89,87.14,1.59
2023,186,29.26,32.34,26.64,8.53,87.89,2.22
2023,187,28.69,31.75,26.44,5.22,90.15,2.95
2023,188,28.75,30.98,27.12,23.15,91.41,3.34
2023,189,28.88,31.72,26.91,11.77,89.68,2.95
2023,190,29.38,32.55,26.52,5.72,86.6,2.13
2023,191,29.53,32.59,27.07,5.89,88.05,2.32
2023,192,29.24,32.41,26.72,6.42,88.05,3.15
2023,193,28.34,31.22,25.89,3.71,88.23,3.03
2023,194,28.47,30.9,26.66,4.32,90.99,2.74
2023,195,28.92,32.03,26.32,33.85,86.92,1.22
2023,196,28.72,31.75,26.7,9.13,88.38,2.51
2023,197,28.53,31.62,25.64,3.48,90.37,4.04
2023,198,28.43,31.01,26.24,2.6,90.18,3.1
2023,199,28.96,32.16,26.28,0.57,88.16,2.92
2023,200,29.23,32.67,26.38,0.7,87.96,3.1
2023,201,29.32,32.62,26.58,0.16,87.79,2.78
2023,202,28.75,31.11,26.52,1.01,87.03,1.89
2023,203,28.69,31.43,26.8,2.47,89.27,2.27
2023,204,29.37,32.74,26.15,1.12,86.6,1.9
2023,205,29.74,32.91,26.88,1.05,85.13,1.47
2023,206,29.06,31.72,26.88,0.4,85.65,1.96
2023,207,28.91,32.32,26.1,4.27,88.38,2.55
2023,208,29.45,33.12,26.57,4.06,86.98,2.83
2023,209,29.48,33.3,26.69,5.35,86.85,2.83
2023,210,29.62,33.28,26.62,9.4,86.82,2.64
2023,211,30.12,33.24,26.36,1.5,83.95,1.59
2023,212,31.68,34.77,28.15,5.07,76.44,0.68
2023,213,30.72,34.36,28.07,21.62,82.96,2.91
2023,214,28.84,32.3,26.67,9.92,88.5,5.39
2023,215,29.19,32.66,26.53,6.16,88.42,3.24
2023,216,28.92,31.86,26.92,16.13,87.9,3.1
2023,217,28.54,31.65,26.03,13.37,87.94,2.88
2023,218,28.35,30.87,26.62,25.61,89.45,3.67
2023,219,28.61,30.84,27.09,55.34,91.59,3.26
2023,220,28.46,30.86,26.8,40.04,90.03,2.9
2023,221,28.37,31.67,26.06,25.19,90.23,2.65
2023,222,28.71,31.99,26.22,2.38,87.19,2.21
2023,223,28.4,30.85,26.25,23.75,90.13,2.15
2023,224,28.38,31.28,26.4,18.13,91.37,2.26
2023,225,28.02,30.43,25.87,36.01,83.7,2
2023,226,28.25,31.6,25.03,13.51,84.75,1.05
2023,227,29.06,32.59,25.74,7.19,85.81,1.35
2023,228,29.36,32.5,26.8,22.99,87.84,1.41
2023,229,28.88,30.81,26.92,17.33,88.38,1.3
2023,230,28.64,31.85,26.36,3.49,89.89,2.87
2023,231,28.56,31.41,26.16,7.05,90.61,2.86
2023,232,28.79,32.08,25.98,2.89,88.18,1.9
2023,233,28.32,30.86,26.13,2.34,88.88,2.05
2023,234,28.35,30.84,26.61,6.26,91.09,2.97
2023,235,28.36,31.11,26.34,27.54,90.09,2.21
2023,236,28.11,30.06,26.5,28.18,92.41,1.85
2023,237,28.03,30.39,26.36,18.58,90.88,1.51
2023,238,28.3,31.4,25.98,18.73,90.97,2.82
2023,239,28.58,31.58,26.35,6.63,89.65,2.63
2023,240,29.44,32.33,26.62,5.21,84.96,1.55
2023,241,30.06,33.2,26.43,1.92,77.78,0.76
2023,242,30.4,33.34,26.59,0.62,74.96,0.85
2023,243,30.06,32.81,26.75,2.17,78.27,0.8
2023,244,29.57,33.08,26.73,4.38,84.93,1.16
2023,245,29.59,32.6,26.9,7.57,86.09,1.08
2023,246,29.34,31.95,27.18,32.02,87.11,1.57
2023,247,27.76,29.35,26,28.99,90.22,1.67
2023,248,29.49,33.26,25.96,11.74,84.07,1.3
2023,249,29.21,32.04,26.69,3.84,87.63,1.52
2023,250,28.29,30.83,26.23,19.95,90.92,3.05
2023,251,27.84,29.34,26.76,14.52,93.31,3.18
2023,252,28.78,31.78,25.98,3.16,87.1,1.45
2023,253,29.11,32.17,26,2.98,86.88,1.35
2023,254,29.29,32.94,26.12,4.06,83.25,1.44
2023,255,29.08,32.04,26.38,17.13,87.47,1.33
2023,256,28.02,30.13,26.45,3.09,90.41,2.06
2023,257,27.95,30.85,26.41,3.74,90.91,3.81
2023,258,27.96,30.61,26.12,1.02,91.18,2.5
2023,259,28.76,32.08,24.98,0.36,84.94,1.4
2023,260,29.93,33.33,26.34,0.96,80.79,0.74
2023,261,28.41,30.6,26.59,13.19,89.17,1.22
2023,262,27.62,30.03,25.94,14.24,91.4,2.54
2023,263,27.68,29.99,26.15,16.97,93.11,3.68
2023,264,27.65,29.46,26.44,26.6,94.14,3.02
2023,265,27.5,29.41,26.13,25.73,93.19,2.3
2023,266,27.94,30.66,25.73,12.72,91.33,2.34
2023,267,27.84,30.22,26.11,15.28,91.9,2.39
2023,268,28.21,30.81,26.24,11,89.48,1.51
2023,269,29.01,32.13,26.18,10.68,82.93,0.76
2023,270,28.85,31.64,25.9,4.81,82.57,0.64
2023,271,29.05,32.35,25.68,1.76,84.93,1.08
2023,272,28.42,30.29,26.71,5.03,92.7,1.38
2023,273,27.87,29.81,26.53,7.73,92.45,2.38
2023,274,27.96,30.99,25.86,7.77,90.3,2.24
2023,275,27.47,29.2,25.31,4.96,93.33,2.15
2023,276,27.82,30.96,25.56,9.42,91.22,2.87
2023,277,26.95,28.79,25.6,24.41,94.18,3.6
2023,278,27.13,28.45,26.08,86.09,95.59,3.55
2023,279,27.4,29.69,25.9,106.27,92.77,3.75
2023,280,28.07,31.29,25.77,14.43,91.18,2.62
2023,281,28.49,31.54,25.29,1.76,84.97,1.05
2023,282,28.31,31.52,25.16,1.51,87.81,1.27
2023,283,28.89,31.65,25.79,1.27,78.09,0.51
2023,284,28.9,31.82,25.96,3.73,77.39,0.73
2023,285,28.73,31.7,25.54,1.35,74.82,0.82
2023,286,28.73,31.45,25.68,2.93,65.49,0.59
2023,287,27.79,30.96,24.46,1.95,66.35,0.88
2023,288,28,31.84,24.26,0.02,67.03,0.51
2023,289,27.15,30.81,22.93,0,73.51,0.93
2023,290,27.12,30.89,23.34,0.1,71.38,0.8
2023,291,26.49,29.93,22.91,1.55,78.06,1.17
2023,292,25.73,29.2,22.3,0.32,80.35,1.27
2023,293,25.19,29.41,21.54,0,81.83,1.39
2023,294,25.1,29.98,20.48,0,79.31,1.31
2023,295,24.87,28.38,20.67,0.23,76.96,1.03
2023,296,26.11,30.19,23.23,2.02,78.57,0.85
2023,297,25.18,28.53,23.44,12.74,89.85,1.53
2023,298,25.86,29.59,22.66,2.42,86.17,1.58
2023,299,26.02,29.81,22.74,0.39,82.15,1.02
2023,300,24.99,28.83,21.42,0.15,82.19,1.24
2023,301,23.91,28.65,20.42,0,80.29,1.73
2023,302,23.62,28.39,18.97,0,78.77,1.41
2023,303,25.11,29.35,20.66,0,72.21,0.68
2023,304,25.31,29.2,20.5,0,73.4,0.78
2023,305,24.8,30.17,20.14,0,79.61,1.32
2023,306,24.92,29.54,20.68,0,83.13,1.3
2023,307,25.17,28.68,21.53,0,79.1,1.31
2023,308,25.79,29.58,21.07,0,71.9,0.85
2023,309,24.58,28.28,20.93,0.16,78.75,1.32
2023,310,22.87,27.86,19.01,0,79.93,1.66
2023,311,22.59,27.55,18.49,0,82.64,1.52
2023,312,22.72,27.06,18.31,0,81.89,1.37
2023,313,22.64,27.45,18.22,0,79.06,1.32
2023,314,22.43,27.87,17.55,0,80.41,1.46
2023,315,22.54,28.14,17.47,0,83.14,1.56
2023,316,22.73,28.4,18.11,0,83.1,1.44
2023,317,22.81,28.14,17.67,0,80.94,1.43
2023,318,23.36,28.36,17.72,0,72.12,0.78
2023,319,23.25,28.16,17.3,0,69.87,1.05
2023,320,22.84,26.96,19.62,10.42,84,1.32
2023,321,23.12,27.01,20.92,33.41,91.18,3.42
2023,322,22.88,26.47,19.53,2.59,84.21,1.57
2023,323,23.32,27.86,18.95,2.26,81.97,1.06
2023,324,23.45,27.92,18.88,0,81.34,0.93
2023,325,23.54,27.32,19.89,0,82.12,1.37
2023,326,21.36,26.3,17.56,0.01,81.22,1.35
2023,327,20.63,26.06,15.68,0,79.38,1.38
2023,328,21.76,26.92,16.5,0,75.69,1.04
2023,329,21.93,27.49,16.7,0,77.78,1.32
2023,330,21.88,26.82,16.81,0,75.32,0.93
2023,331,22.34,27.59,16.71,0,79.79,0.93
2023,332,23.91,28.9,18.68,0,72.44,0.47
2023,333,23.13,28.32,17.97,0,75.17,0.79
2023,334,22.53,27.69,17.26,0,79.76,1.16
2023,335,21.82,27.6,17.19,0,81.03,1.52
2023,336,22,26.91,17.58,0,79.76,1.52
2023,337,22.29,28.25,17.27,0,81.26,1.43
2023,338,21.95,27.73,16.67,0,80.82,1.41
2023,339,22.44,26.73,18.89,0.09,79.46,0.77
2023,340,22.08,24.8,19.16,2.84,82.71,1.12
2023,341,20.5,22.13,19.36,21.41,92.06,1.93
2023,342,20.8,24.67,18.2,43.49,90.9,1.73
2023,343,19.65,24.33,16.53,5.95,87.68,2.07
2023,344,18.64,23.73,14.25,0,79.27,1.23
2023,345,17.81,23.35,13.32,0,81.94,1.61
2023,346,18.29,24.06,13.1,0.01,83.58,1.51
2023,347,17.7,23.82,13.4,0,76.1,1.55
2023,348,16.93,22.08,12.73,0,67.76,1.12
2023,349,16.33,22.54,11.12,0,76.63,1.52
2023,350,16.73,22.75,11.17,0,80.88,1.65
2023,351,16.98,23.59,11.65,0,78.16,1.18
2023,352,17.16,23.07,11.48,0,81.82,1.36
2023,353,17.12,23.32,11.9,0,83.52,1.73
2023,354,18.15,24.05,12.25,0,82.84,1.35
2023,355,19.19,24.4,14.11,0,77.42,0.77
2023,356,19.56,24.38,15.19,0,79.4,0.95
2023,357,19.59,23.56,15.5,0,81.72,1
2023,358,19.65,24.63,15.63,0,77.28,0.76
2023,359,19.96,24.62,15.14,0,73.86,0.67
2023,360,19.73,24.49,15.29,0,73.71,0.86
2023,361,19.55,25.28,15.25,0,77.08,0.84
2023,362,19.6,25.04,14.89,0,78.85,0.97
2023,363,19.73,25.22,14.71,0.8,80.21,1.19
2023,364,19.37,25.17,14.64,1.72,81.83,1.65
2023,365,18.02,23.86,13.54,0,84.17,2.05
